Title,Description,Source,Date,URL,Topic,full_text,cleaned_text
CRKD Announces ULT PRO Wireless Gaming Controller,"CRKD, the premium collectible gaming brand known for their highly popular Nitro Deck, and line of premium rhythm gaming products, announced today the ULT PRO, a next-generation professional wireless gaming controller featuring multi-platform connectivity and …",Madshrimps.be,"26 Mar 2026, 08:33",https://www.madshrimps.be/news/crkd-announces-ult-pro-wireless-gaming-controller/,technology,"CRKD Announces ULT PRO Wireless Gaming Controller CRKD, the premium collectible gaming brand known for their highly popular Nitro Deck, and line of premium rhythm gaming products, announced today the ULT PRO, a next-generation professional wireless gaming controller featuring multi-platform connectivity and …",crkd announces ult pro wireless gaming controller crkd premium collectible gaming brand known highly popular nitro deck line premium rhythm gaming products announced today ult pro next generation professional wireless gaming controller featuring multi platform connectivity
Real Madrid believe superstar forward has fixed the weakness that held him back,"Vinicius Jr. is once again at the centre of attention at Real Madrid, but this time, it is not about his attacking brilliance. According to recent internal assessments from MARCA, it has come to ligh...",Madriduniversal.com,"26 Mar 2026, 08:30",https://madriduniversal.com/real-madrid-believe-superstar-forward-has-fixed-the-weakness-that-held-him-back/,technology,"Real Madrid believe superstar forward has fixed the weakness that held him back Vinicius Jr. is once again at the centre of attention at Real Madrid, but this time, it is not about his attacking brilliance. According to recent internal assessments from MARCA, it has come to ligh...",real madrid believe superstar forward fixed weakness held back vinicius centre attention real madrid time attacking brilliance according recent internal assessments marca come ligh
"Stocks fall, oil gains amid conflicting reports of US-Iran talks","Asian shares fell 1 per cent, snapping two-day gain",The Irish Times,"26 Mar 2026, 08:27",https://www.irishtimes.com/business/2026/03/26/stocks-fall-oil-gains-amid-conflicting-reports-of-us-iran-talks/,technology,"Stocks fall, oil gains amid conflicting reports of US-Iran talks Asian shares fell 1 per cent, snapping two-day gain",stocks fall oil gains amid conflicting reports iran talks asian shares fell per cent snapping two day gain
"What If Animals Were Always Talking, And We’ve Only Been Listening the Wrong Way?","New research reveals animal communication hinges on emotions, not just words. Early studies explored symbols, but Artificial Intelligence now deciphers subtle vocalizations and behaviors. This technology helps understand animal feelings and intentions. Sou…",The Times of India,"26 Mar 2026, 08:23",https://economictimes.indiatimes.com/news/international/us/what-if-animals-were-always-talking-and-weve-only-been-listening-the-wrong-way/articleshow/129819279.cms,technology,"What If Animals Were Always Talking, And We’ve Only Been Listening the Wrong Way? New research reveals animal communication hinges on emotions, not just words. Early studies explored symbols, but Artificial Intelligence now deciphers subtle vocalizations and behaviors. This technology helps understand animal feelings and intentions. Sou…",animals always talking listening wrong way new research reveals animal communication hinges emotions words early studies explored symbols artificial intelligence deciphers subtle vocalizations behaviors technology helps understand animal feelings intentions sou
Smart sleepers could be the glow-up night trains need,"Europe has a bit of an on-off relationship with night trains. A Berlin team’s smart cabin concept could lead to greater commitment. It's friday evening, and the Nightjet to Zurich is due to arrive at platform 13 of the main station in the German capital of Be…",DW (English),"26 Mar 2026, 08:23",https://www.dw.com/en/sleeper-trains-shrinking-activists-demand-more-routes-in-europe-berlin-private-cabins-price/a-75937028,technology,"Smart sleepers could be the glow-up night trains need Europe has a bit of an on-off relationship with night trains. A Berlin team’s smart cabin concept could lead to greater commitment. It's friday evening, and the Nightjet to Zurich is due to arrive at platform 13 of the main station in the German capital of Be…",smart sleepers could glow night trains need europe bit relationship night trains berlin team smart cabin concept could lead greater commitment friday evening nightjet zurich due arrive platform main station german capital
India’s first psychiatric ‘data repository’ launched at Bengaluru Nimhans,"CALM-Brain incorporates multiple modes in which disorders can be studied through MRIs, near-infrared spectroscopy, electroencephalograms, and genetics, amongst various other techniques.",The Indian Express,"26 Mar 2026, 08:22",https://indianexpress.com/article/cities/bangalore/india-first-psychiatric-data-repository-launched-bengaluru-nimhans-10602326/,technology,"India’s first psychiatric ‘data repository’ launched at Bengaluru Nimhans CALM-Brain incorporates multiple modes in which disorders can be studied through MRIs, near-infrared spectroscopy, electroencephalograms, and genetics, amongst various other techniques.",india first psychiatric data repository launched bengaluru nimhans calm brain incorporates multiple modes disorders studied mris near infrared spectroscopy electroencephalograms genetics amongst various techniques
CtrlChain expands services: Pallet Shipping.,"CtrlChain, transportation management company specialised in road freight across Europe and the US, is strengthening logistics with pallet transport service. […]",Emerce.nl,"26 Mar 2026, 08:17",https://www.emerce.nl/wire/ctrlchain-expands-services-pallet-shipping,technology,"CtrlChain expands services: Pallet Shipping. CtrlChain, transportation management company specialised in road freight across Europe and the US, is strengthening logistics with pallet transport service. […]",ctrlchain expands services pallet shipping ctrlchain transportation management company specialised road freight across europe strengthening logistics pallet transport service
"The ""Bathroom Switch"" That Cuts Moisture Buildup by Half","High bathroom moisture from daily showers can lead to mold and structural damage. Humidity sensing switches automatically activate exhaust fans when moisture levels rise, reducing humidity and preventing these issues. Studies show these smart devices effectiv…",The Times of India,"26 Mar 2026, 08:15",https://economictimes.indiatimes.com/news/international/us/the-bathroom-switch-that-cuts-moisture-buildup-by-half/articleshow/129819127.cms,technology,"The ""Bathroom Switch"" That Cuts Moisture Buildup by Half High bathroom moisture from daily showers can lead to mold and structural damage. Humidity sensing switches automatically activate exhaust fans when moisture levels rise, reducing humidity and preventing these issues. Studies show these smart devices effectiv…",bathroom switch cuts moisture buildup half high bathroom moisture daily showers lead mold structural damage humidity sensing switches automatically activate exhaust fans moisture levels rise reducing humidity preventing issues studies show smart devices effectiv
(PR) Gigabyte Z890 AORUS ELITE DUO X Now Available Featuring CQDIMM,"Gigabyte, the world's leading computer brand, announces the availability of its Z890 Plus series motherboards that support the new Intel Core Ultra 200S Plus series processors. Led by the Z890 AORUS ELITE DUO X, the Z890 Plus series brings next-generation mem…",Techpowerup.com,"26 Mar 2026, 08:15",https://www.techpowerup.com/347739/gigabyte-z890-aorus-elite-duo-x-now-available-featuring-cqdimm,technology,"(PR) Gigabyte Z890 AORUS ELITE DUO X Now Available Featuring CQDIMM Gigabyte, the world's leading computer brand, announces the availability of its Z890 Plus series motherboards that support the new Intel Core Ultra 200S Plus series processors. Led by the Z890 AORUS ELITE DUO X, the Z890 Plus series brings next-generation mem…",gigabyte aorus elite duo available featuring cqdimm gigabyte world leading computer brand announces availability plus series motherboards support new intel core ultra plus series processors led aorus elite duo plus series brings next generation mem
"What Makes MiniMax M2.7 So Special? The New AI, Explained","MiniMax M2.7 offers a balanced approach to artificial intelligence, designed to meet the needs of organizations constrained by computational resources. With 230 billion parameters and a processing speed of 50-100 tokens per second, it provides a practical sol…",Geeky Gadgets,"26 Mar 2026, 08:15",https://www.geeky-gadgets.com/minimax-ai-frontier-models/,technology,"What Makes MiniMax M2.7 So Special? The New AI, Explained MiniMax M2.7 offers a balanced approach to artificial intelligence, designed to meet the needs of organizations constrained by computational resources. With 230 billion parameters and a processing speed of 50-100 tokens per second, it provides a practical sol…",makes minimax special new explained minimax offers balanced approach artificial intelligence designed meet needs organizations constrained computational resources billion parameters processing speed tokens per second provides practical sol
A little-known Croatian startup is coming for the robotaxi market with help from Uber | TechCrunch,A little-known Croatian startup is coming for the robotaxi market with help from Uber | TechCrunchtechcrunch.com,TechCrunch,"26 Mar 2026, 08:15",https://techcrunch.com/2026/03/26/a-little-known-croatian-startup-is-coming-for-the-robotaxi-market-with-help-from-uber/,technology,A little-known Croatian startup is coming for the robotaxi market with help from Uber | TechCrunch A little-known Croatian startup is coming for the robotaxi market with help from Uber | TechCrunchtechcrunch.com,little known croatian startup coming robotaxi market help uber techcrunch little known croatian startup coming robotaxi market help uber techcrunchtechcrunch com
Washington and Silicon Valley have found their common enemy: China,"Lawmakers and tech executives may not agree on how to regulate AI, but they agree who the enemy is.",Fortune,"26 Mar 2026, 08:13",https://fortune.com/2026/03/26/dc-silicon-valley-common-enemy-china-hill-and-valley-forum/,technology,"Washington and Silicon Valley have found their common enemy: China Lawmakers and tech executives may not agree on how to regulate AI, but they agree who the enemy is.",washington silicon valley found common enemy china lawmakers tech executives may agree regulate agree enemy
What America gets out of its war with Iran,The US-Israeli war against Iran is not failing-the media's analysis is. Here is what is really going on. Analysis.,Israelnationalnews.com,"26 Mar 2026, 08:12",https://www.israelnationalnews.com/news/424604,technology,What America gets out of its war with Iran The US-Israeli war against Iran is not failing-the media's analysis is. Here is what is really going on. Analysis.,america gets war iran israeli war iran failing media analysis really going analysis
Expensive crude oil: An inflation India might benefit from,"Iran War: Rattling oil markets and predictions of $150 per barrel are forcing a reevaluation of cheap energy's long-held economic assumptions. This price shock, rather than a catastrophe, could be a necessary correction, aligning incentives and accelerating t…",The Times of India,"26 Mar 2026, 08:06",https://economictimes.indiatimes.com/news/economy/policy/expensive-crude-oil-an-inflation-india-might-benefit-from/articleshow/129818354.cms,technology,"Expensive crude oil: An inflation India might benefit from Iran War: Rattling oil markets and predictions of $150 per barrel are forcing a reevaluation of cheap energy's long-held economic assumptions. This price shock, rather than a catastrophe, could be a necessary correction, aligning incentives and accelerating t…",expensive crude oil inflation india might benefit iran war rattling oil markets predictions per barrel forcing reevaluation cheap energy long held economic assumptions price shock rather catastrophe could necessary correction aligning incentives accelerating
Punjab scraps plan to charge Rs 80 for downloading FIRs after public outrage,"Advocates Abhishek Malhotra and Vasu Ranjan Shandilya had filed a PIL in the Punjab and Haryana High Court, saying the government had monetised a fundamental right to access justice.",The Indian Express,"26 Mar 2026, 08:05",https://indianexpress.com/article/cities/chandigarh/punjab-scrap-charge-rs-80-firs-after-public-outrage-10602327/,technology,"Punjab scraps plan to charge Rs 80 for downloading FIRs after public outrage Advocates Abhishek Malhotra and Vasu Ranjan Shandilya had filed a PIL in the Punjab and Haryana High Court, saying the government had monetised a fundamental right to access justice.",punjab scraps plan charge downloading firs public outrage advocates abhishek malhotra vasu ranjan shandilya filed pil punjab haryana high court saying government monetised fundamental right access justice
The average phone now has a bigger battery than the S26 Ultra,"Phone makers have embraced bigger batteries in recent years, so is it any surprise that average battery capacity made a giant leap?",Android Authority,"26 Mar 2026, 08:03",https://www.androidauthority.com/smartphones-average-battery-capacity-increase-3652111/,technology,"The average phone now has a bigger battery than the S26 Ultra Phone makers have embraced bigger batteries in recent years, so is it any surprise that average battery capacity made a giant leap?",average phone bigger battery ultra phone makers embraced bigger batteries recent years surprise average battery capacity made giant leap
"Radiation Illness: Understanding Symptoms, Causes, and Treatments • Yesil Health AI",Radiation illness can arise from exposure to harmful radiation. ⚠️ Symptoms vary; early diagnosis is crucial for effective treatment.,Yesilhealth.com,"26 Mar 2026, 08:03",https://yesilhealth.com/your-health/radiation-illness-understanding-symptoms-causes-and-treatments-4/,technology,"Radiation Illness: Understanding Symptoms, Causes, and Treatments • Yesil Health AI Radiation illness can arise from exposure to harmful radiation. ⚠️ Symptoms vary; early diagnosis is crucial for effective treatment.",radiation illness understanding symptoms causes treatments yesil health radiation illness arise exposure harmful radiation symptoms vary early diagnosis crucial effective treatment
"Helium shock puts India’s semiconductor, PCB push at risk due to the Iran-Israel war","A critical input in semiconductor manufacturing, helium underpins everything from electric vehicles to smartphones.",Moneycontrol,"26 Mar 2026, 08:03",https://www.moneycontrol.com/news/business/helium-shock-puts-india-s-semiconductor-pcb-push-at-risk-due-to-the-iran-israel-war-13871222.html,technology,"Helium shock puts India’s semiconductor, PCB push at risk due to the Iran-Israel war A critical input in semiconductor manufacturing, helium underpins everything from electric vehicles to smartphones.",helium shock puts india semiconductor pcb push risk due iran israel war critical input semiconductor manufacturing helium underpins everything electric vehicles smartphones
Electronic warfare in the Persian Gulf: How GPS interference is disrupting the Middle East,"Since the start of the U.S.-Israel war with Iran on Feb. 28, interference with location-based services has disrupted life across the Persian Gulf.",CNBC,"26 Mar 2026, 08:01",https://www.cnbc.com/2026/03/26/how-gps-interference-is-disrupting-the-middle-east.html,technology,"Electronic warfare in the Persian Gulf: How GPS interference is disrupting the Middle East Since the start of the U.S.-Israel war with Iran on Feb. 28, interference with location-based services has disrupted life across the Persian Gulf.",electronic warfare persian gulf gps interference disrupting middle east since start israel war iran feb interference location based services disrupted life across persian gulf
Samsung Just Made a Surprising U-Turn on the Galaxy S27 Ultra’s S Pen,"Samsung has reaffirmed its commitment to the S Pen as a defining feature of its Galaxy S Ultra series, even as it continues to pursue sleeker designs for its flagship smartphones. This decision highlights the company’s dedication to maintaining the unique fun…",Geeky Gadgets,"26 Mar 2026, 08:00",https://www.geeky-gadgets.com/samsung-galaxy-s27-ultra-s-pen/,technology,"Samsung Just Made a Surprising U-Turn on the Galaxy S27 Ultra’s S Pen Samsung has reaffirmed its commitment to the S Pen as a defining feature of its Galaxy S Ultra series, even as it continues to pursue sleeker designs for its flagship smartphones. This decision highlights the company’s dedication to maintaining the unique fun…",samsung made surprising turn galaxy ultra pen samsung reaffirmed commitment pen defining feature galaxy ultra series even continues pursue sleeker designs flagship smartphones decision highlights company dedication maintaining unique fun
Temperature gets a new definition using a quantum device,A device that relies on quantum effects and oversized atoms may be a more reliable way to measure temperature that doesn't require calibration,New Scientist,"26 Mar 2026, 08:00",https://www.newscientist.com/article/2520758-temperature-gets-a-new-definition-using-a-quantum-device/,technology,Temperature gets a new definition using a quantum device A device that relies on quantum effects and oversized atoms may be a more reliable way to measure temperature that doesn't require calibration,temperature gets new definition using quantum device device relies quantum effects oversized atoms may reliable way measure temperature require calibration
Why Price Takes a Back Seat in Embedded Finance Deals,"Embedded finance is increasingly central to how B2B companies buy and sell, but it only works as well as the bank or FinTech behind it. New PYMNTS Intelligence research finds that trust and security are the deciding factors in who a B2B firm chooses to work w…",pymnts.com,"26 Mar 2026, 08:00",https://www.pymnts.com/news/b2b-payments/2026/why-price-takes-a-back-seat-in-embedded-finance-deals/,technology,"Why Price Takes a Back Seat in Embedded Finance Deals Embedded finance is increasingly central to how B2B companies buy and sell, but it only works as well as the bank or FinTech behind it. New PYMNTS Intelligence research finds that trust and security are the deciding factors in who a B2B firm chooses to work w…",price takes back seat embedded finance deals embedded finance increasingly central companies buy sell works well bank fintech behind new pymnts intelligence research finds trust security deciding factors firm chooses work
"YouTube Joins Questex’s StreamTV Europe as Diamond Sponsor, Signaling Major Industry Momentum for the Inaugural Event April 13-15 in Lisbon","New speakers from Sky, Roku, Samsung TV Plus, Omnicom Media Group and more join a growing roster of leaders shaping the future of streaming New speakers from Sky, Roku, Samsung TV Plus, Omnicom Media Group and more join a growing roster of leaders shaping the…",GlobeNewswire,"26 Mar 2026, 08:00",https://www.globenewswire.com/news-release/2026/03/26/3262775/0/en/YouTube-Joins-Questex-s-StreamTV-Europe-as-Diamond-Sponsor-Signaling-Major-Industry-Momentum-for-the-Inaugural-Event-April-13-15-in-Lisbon.html,technology,"YouTube Joins Questex’s StreamTV Europe as Diamond Sponsor, Signaling Major Industry Momentum for the Inaugural Event April 13-15 in Lisbon New speakers from Sky, Roku, Samsung TV Plus, Omnicom Media Group and more join a growing roster of leaders shaping the future of streaming New speakers from Sky, Roku, Samsung TV Plus, Omnicom Media Group and more join a growing roster of leaders shaping the…",youtube joins questex streamtv europe diamond sponsor signaling major industry momentum inaugural event april lisbon new speakers sky roku samsung plus omnicom media group join growing roster leaders shaping future streaming new speakers sky roku samsung plus omnicom media group join growing roster leaders shaping
Which Education Jobs Are Growing the Fastest? Mostly Non-Classroom Roles.,Student support and tech professions are projected to make gains while teaching positions shrink.,Edsurge.com,"26 Mar 2026, 08:00",https://www.edsurge.com/news/2026-03-26-which-education-jobs-are-growing-the-fastest-mostly-non-classroom-roles,technology,Which Education Jobs Are Growing the Fastest? Mostly Non-Classroom Roles. Student support and tech professions are projected to make gains while teaching positions shrink.,education jobs growing fastest mostly non classroom roles student support tech professions projected make gains teaching positions shrink
Notice convening the Annual General Meeting in BioPorto A/S,26 March 2026Announcement no. 5 Notice convening the Annual General Meeting in BioPorto A/S The Board of Directors hereby convenes the Annual General...,GlobeNewswire,"26 Mar 2026, 08:00",https://www.globenewswire.com/news-release/2026/03/26/3262779/0/en/Notice-convening-the-Annual-General-Meeting-in-BioPorto-A-S.html,technology,Notice convening the Annual General Meeting in BioPorto A/S 26 March 2026Announcement no. 5 Notice convening the Annual General Meeting in BioPorto A/S The Board of Directors hereby convenes the Annual General...,notice convening annual general meeting bioporto march announcement notice convening annual general meeting bioporto board directors hereby convenes annual general
Why we made a film about Mark Fisher called We Are Making A Film About Mark Fisher,"Tim Burrows explains how a conversation on a park bench led to an inventive film about a unique, much missed voice in political philosophy and cultural criticism We are making a film about Mark Fisher. That much is true. The idea came about in October 2024 wh…",The Quietus,"26 Mar 2026, 08:00",https://thequietus.com/opinion-and-essays/black-sky-thinking/mark-fisher-film-essay/,technology,"Why we made a film about Mark Fisher called We Are Making A Film About Mark Fisher Tim Burrows explains how a conversation on a park bench led to an inventive film about a unique, much missed voice in political philosophy and cultural criticism We are making a film about Mark Fisher. That much is true. The idea came about in October 2024 wh…",made film mark fisher called making film mark fisher tim burrows explains conversation park bench led inventive film unique much missed voice political philosophy cultural criticism making film mark fisher much true idea came october
"In consumer goods, access to capital no longer the primary differentiator; profitability key for survival",India's consumer businesses are changing their strategy. They are now focusing on profitability rather than just rapid growth. Digital platforms like e-commerce and quick commerce are helping brands reach customers efficiently. This allows for building demand…,The Times of India,"26 Mar 2026, 07:56",https://economictimes.indiatimes.com/industry/cons-products/fmcg/in-consumer-goods-access-to-capital-no-longer-the-primary-differentiator-profitability-key-for-survival/articleshow/129818876.cms,technology,"In consumer goods, access to capital no longer the primary differentiator; profitability key for survival India's consumer businesses are changing their strategy. They are now focusing on profitability rather than just rapid growth. Digital platforms like e-commerce and quick commerce are helping brands reach customers efficiently. This allows for building demand…",consumer goods access capital longer primary differentiator profitability key survival india consumer businesses changing strategy focusing profitability rather rapid growth digital platforms like commerce quick commerce helping brands reach customers efficiently allows building demand
Orioles host the Twins for the season opener,"Minnesota Twins vs. Baltimore Orioles Baltimore; Thursday, 3:05 p.m. EDT PITCHING PROBABLES: Twins: Joe Ryan (0-0); Orioles: Trevor Rogers (0-0) BETMGM...",Yahoo Entertainment,"26 Mar 2026, 07:56",https://sports.yahoo.com/articles/orioles-host-twins-season-opener-075615385.html,technology,"Orioles host the Twins for the season opener Minnesota Twins vs. Baltimore Orioles Baltimore; Thursday, 3:05 p.m. EDT PITCHING PROBABLES: Twins: Joe Ryan (0-0); Orioles: Trevor Rogers (0-0) BETMGM...",orioles host twins season opener minnesota twins baltimore orioles baltimore thursday edt pitching probables twins joe ryan orioles trevor rogers betmgm
Cubs host the Nationals in the season opener,"Washington Nationals vs. Chicago Cubs Chicago; Thursday, 2:20 p.m. EDT PITCHING PROBABLES: Nationals: Cade Cavalli (0-0); Cubs: Matthew Boyd (0-0) BETMGM...",Yahoo Entertainment,"26 Mar 2026, 07:56",https://sports.yahoo.com/articles/cubs-host-nationals-season-opener-075615567.html,technology,"Cubs host the Nationals in the season opener Washington Nationals vs. Chicago Cubs Chicago; Thursday, 2:20 p.m. EDT PITCHING PROBABLES: Nationals: Cade Cavalli (0-0); Cubs: Matthew Boyd (0-0) BETMGM...",cubs host nationals season opener washington nationals chicago cubs chicago thursday edt pitching probables nationals cade cavalli cubs matthew boyd betmgm
Astros and Angels meet in season opener,"Los Angeles Angels vs. Houston Astros Houston; Thursday, 4:10 p.m. EDT PITCHING PROBABLES: Angels: Jose Soriano (0-0); Astros: Hunter Brown (0-0) BETMGM...",Yahoo Entertainment,"26 Mar 2026, 07:56",https://sports.yahoo.com/articles/astros-angels-meet-season-opener-075612521.html,technology,"Astros and Angels meet in season opener Los Angeles Angels vs. Houston Astros Houston; Thursday, 4:10 p.m. EDT PITCHING PROBABLES: Angels: Jose Soriano (0-0); Astros: Hunter Brown (0-0) BETMGM...",astros angels meet season opener los angeles angels houston astros houston thursday edt pitching probables angels jose soriano astros hunter brown betmgm
Phillies open season at home against the Rangers,"Texas Rangers vs. Philadelphia Phillies Philadelphia; Thursday, 4:15 p.m. EDT PITCHING PROBABLES: Rangers: Nathan Eovaldi (0-0); Phillies: Cristopher Sanchez...",Yahoo Entertainment,"26 Mar 2026, 07:56",https://sports.yahoo.com/articles/phillies-open-season-home-against-075612653.html,technology,"Phillies open season at home against the Rangers Texas Rangers vs. Philadelphia Phillies Philadelphia; Thursday, 4:15 p.m. EDT PITCHING PROBABLES: Rangers: Nathan Eovaldi (0-0); Phillies: Cristopher Sanchez...",phillies open season home rangers texas rangers philadelphia phillies philadelphia thursday edt pitching probables rangers nathan eovaldi phillies cristopher sanchez
Brewers host the White Sox in the season opener,"Chicago White Sox vs. Milwaukee Brewers Milwaukee; Thursday, 2:10 p.m. EDT PITCHING PROBABLES: White Sox: Shane Smith (0-0); Brewers: Jacob Misiorowski (0-0)...",Yahoo Entertainment,"26 Mar 2026, 07:56",https://sports.yahoo.com/articles/brewers-host-white-sox-season-075610790.html,technology,"Brewers host the White Sox in the season opener Chicago White Sox vs. Milwaukee Brewers Milwaukee; Thursday, 2:10 p.m. EDT PITCHING PROBABLES: White Sox: Shane Smith (0-0); Brewers: Jacob Misiorowski (0-0)...",brewers host white sox season opener chicago white sox milwaukee brewers milwaukee thursday edt pitching probables white sox shane smith brewers jacob misiorowski
Reds host the Red Sox for the season opener,"Boston Red Sox vs. Cincinnati Reds Cincinnati; Thursday, 4:10 p.m. EDT PITCHING PROBABLES: Red Sox: Garrett Crochet (0-0); Reds: Andrew Abbott (0-0) BETMGM...",Yahoo Entertainment,"26 Mar 2026, 07:56",https://sports.yahoo.com/articles/reds-host-red-sox-season-075610189.html,technology,"Reds host the Red Sox for the season opener Boston Red Sox vs. Cincinnati Reds Cincinnati; Thursday, 4:10 p.m. EDT PITCHING PROBABLES: Red Sox: Garrett Crochet (0-0); Reds: Andrew Abbott (0-0) BETMGM...",reds host red sox season opener boston red sox cincinnati reds cincinnati thursday edt pitching probables red sox garrett crochet reds andrew abbott betmgm
Pirates visit the Mets for season opener,"Pittsburgh Pirates vs. New York Mets New York; Thursday, 1:15 p.m. EDT PITCHING PROBABLES: Pirates: Paul Skenes (0-0); Mets: Freddy Peralta (0-0) BETMGM...",Yahoo Entertainment,"26 Mar 2026, 07:55",https://sports.yahoo.com/articles/pirates-visit-mets-season-opener-075553717.html,technology,"Pirates visit the Mets for season opener Pittsburgh Pirates vs. New York Mets New York; Thursday, 1:15 p.m. EDT PITCHING PROBABLES: Pirates: Paul Skenes (0-0); Mets: Freddy Peralta (0-0) BETMGM...",pirates visit mets season opener pittsburgh pirates new york mets new york thursday edt pitching probables pirates paul skenes mets freddy peralta betmgm
"EU-Startups Summit returns to Malta in May with 2,500 attendees, and 80+ speakers","The 12th edition of one of Europe’s longest-running startup events takes place on 7–8 May in Valletta. Alongside the usual pitch competition and investor matchmaking, this year’s programme includes a media panel featuring founders and editors from some of the…",The Next Web,"26 Mar 2026, 07:54",https://thenextweb.com/news/eu-startups-summit-2026-malta,technology,"EU-Startups Summit returns to Malta in May with 2,500 attendees, and 80+ speakers The 12th edition of one of Europe’s longest-running startup events takes place on 7–8 May in Valletta. Alongside the usual pitch competition and investor matchmaking, this year’s programme includes a media panel featuring founders and editors from some of the…",startups summit returns malta may attendees speakers edition one europe longest running startup events takes place may valletta alongside usual pitch competition investor matchmaking year programme includes media panel featuring founders editors
Crumbling foundations: Ukraine’s infrastructure issues go beyond wartime woes,Soviet-era systems and neglected investment has meant that Ukraine has long been in need of foreign infrastructure investment. Now a plethora of projects brings about its own challenges.,Ing.dk,"26 Mar 2026, 07:50",https://ing.dk/artikel/crumbling-foundations-ukraines-infrastructure-issues-go-beyond-wartime-woes,technology,Crumbling foundations: Ukraine’s infrastructure issues go beyond wartime woes Soviet-era systems and neglected investment has meant that Ukraine has long been in need of foreign infrastructure investment. Now a plethora of projects brings about its own challenges.,crumbling foundations ukraine infrastructure issues beyond wartime woes soviet era systems neglected investment meant ukraine long need foreign infrastructure investment plethora projects brings challenges
"Home Healthcare Market to Expand at 8%+ CAGR by 2031 as Remote Care Adoption Drives Strong Growth, Says a Mordor Intelligence Report","The global home healthcare market is projected to reach USD 545.69 billion by 2031, driven by the increasing need for long-term care, post-operative recovery support, and chronic disease management outside traditional clinical settings, with Asia-Pacific emer…",GlobeNewswire,"26 Mar 2026, 07:50",https://www.globenewswire.com/news-release/2026/03/26/3262765/0/en/Home-Healthcare-Market-to-Expand-at-8-CAGR-by-2031-as-Remote-Care-Adoption-Drives-Strong-Growth-Says-a-Mordor-Intelligence-Report.html,technology,"Home Healthcare Market to Expand at 8%+ CAGR by 2031 as Remote Care Adoption Drives Strong Growth, Says a Mordor Intelligence Report The global home healthcare market is projected to reach USD 545.69 billion by 2031, driven by the increasing need for long-term care, post-operative recovery support, and chronic disease management outside traditional clinical settings, with Asia-Pacific emer…",home healthcare market expand cagr remote care adoption drives strong growth says mordor intelligence report global home healthcare market projected reach usd billion driven increasing need long term care post operative recovery support chronic disease management outside traditional clinical settings asia pacific emer
10 Japanese Stocks Australian Investors Should Consider in 2026 for Diversification,"Australian investors looking beyond the resources-heavy ASX are increasingly eyeing Japanese equities in 2026, drawn by ongoing corporate governance reforms, a supportive fiscal backdrop under the new administration",Ibtimes.com.au,"26 Mar 2026, 07:47",https://www.ibtimes.com.au/10-japanese-stocks-australian-investors-should-consider-2026-diversification-1864499,technology,"10 Japanese Stocks Australian Investors Should Consider in 2026 for Diversification Australian investors looking beyond the resources-heavy ASX are increasingly eyeing Japanese equities in 2026, drawn by ongoing corporate governance reforms, a supportive fiscal backdrop under the new administration",japanese stocks australian investors consider diversification australian investors looking beyond resources heavy asx increasingly eyeing japanese equities drawn ongoing corporate governance reforms supportive fiscal backdrop new administration
Damang Mine marks World Water Day with call for Gender-Inclusive Water Governance,"Gold Fields Limited Damang Mine has marked this year’s World Water Day with a strong call for inclusive water governance, highlighting the critical role of women in water management and sustainability. The event, held under the theme “Water and Gender,” broug…",Thechronicle.com.gh,"26 Mar 2026, 07:46",https://thechronicle.com.gh/damang-mine-marks-world-water-day-with-call-for-gender-inclusive-water-governance/,technology,"Damang Mine marks World Water Day with call for Gender-Inclusive Water Governance Gold Fields Limited Damang Mine has marked this year’s World Water Day with a strong call for inclusive water governance, highlighting the critical role of women in water management and sustainability. The event, held under the theme “Water and Gender,” broug…",damang mine marks world water day call gender inclusive water governance gold fields limited damang mine marked year world water day strong call inclusive water governance highlighting critical role women water management sustainability event held theme water gender broug
"Booms & Shakes: March's fresh moves, new launches and a 26-year goodbye","A landmark exit at Iris, a flurry of new ventures in sport, social and AI, and a month that proves the creative industry isn't for standing still. Welcome to Booms & Shakes, our monthly round-...",Creative Boom,"26 Mar 2026, 07:45",https://www.creativeboom.com/news/booms-shakes-marchs-biggest-moves-fresh-launches-and-a-26-year-goodbye/,technology,"Booms & Shakes: March's fresh moves, new launches and a 26-year goodbye A landmark exit at Iris, a flurry of new ventures in sport, social and AI, and a month that proves the creative industry isn't for standing still. Welcome to Booms & Shakes, our monthly round-...",booms shakes march fresh moves new launches year goodbye landmark exit iris flurry new ventures sport social month proves creative industry standing still welcome booms shakes monthly round
"Open Models, Soft Power, and the Spectrum of U.S.-China Artificial Intelligence Competition","The authors analyze the United States' and China's respective artificial intelligence (AI) action plans, how AI companies in both countries approach open-source AI models, and the implications for U.S. soft power.",Rand.org,"26 Mar 2026, 07:45",https://www.rand.org/pubs/perspectives/PEA4686-1.html,technology,"Open Models, Soft Power, and the Spectrum of U.S.-China Artificial Intelligence Competition The authors analyze the United States' and China's respective artificial intelligence (AI) action plans, how AI companies in both countries approach open-source AI models, and the implications for U.S. soft power.",open models soft power spectrum china artificial intelligence competition authors analyze united states china respective artificial intelligence action plans companies countries approach open source models implications soft power
EDA chief meets Belgian Minister of Defence to strengthen EU cooperation,"European Defence Agency (EDA) Chief Executive André Denk held talks with Belgium's Minister of Defence Theo Francken on 25 March, aiming to reinforce EU collaboration and support Belgium's military revamp as part of Europe's defence readiness.",Globalsecurity.org,"26 Mar 2026, 07:42",https://www.globalsecurity.org/military/library/news/2026/03/mil-260325-eda01.htm,technology,"EDA chief meets Belgian Minister of Defence to strengthen EU cooperation European Defence Agency (EDA) Chief Executive André Denk held talks with Belgium's Minister of Defence Theo Francken on 25 March, aiming to reinforce EU collaboration and support Belgium's military revamp as part of Europe's defence readiness.",eda chief meets belgian minister defence strengthen cooperation european defence agency eda chief executive andr denk held talks belgium minister defence theo francken march aiming reinforce collaboration support belgium military revamp part europe defence readiness
Chinese National and Two U.S. Citizens Charged with Conspiring to Smuggle Artificial Intelligence Technology to China,"Stanley Yi Zheng, Matthew Kelly, and Tommy Shad English have been charged with conspiring to commit smuggling and export control violations. The three defendants are alleged to have sought millions of dollars' worth of export-controlled computer chips from a …",Globalsecurity.org,"26 Mar 2026, 07:42",https://www.globalsecurity.org/wmd/library/news/china/2026/03/china-260325-doj01.htm,technology,"Chinese National and Two U.S. Citizens Charged with Conspiring to Smuggle Artificial Intelligence Technology to China Stanley Yi Zheng, Matthew Kelly, and Tommy Shad English have been charged with conspiring to commit smuggling and export control violations. The three defendants are alleged to have sought millions of dollars' worth of export-controlled computer chips from a …",chinese national two citizens charged conspiring smuggle artificial intelligence technology china stanley zheng matthew kelly tommy shad english charged conspiring commit smuggling export control violations three defendants alleged sought millions dollars worth export controlled computer chips
NATO and Ukraine activate next steps for UNITE - Brave NATO innovation programme,"Following its announcement in November 2025, NATO and Ukraine have unveiled the next steps for the first Ukraine-NATO Innovation, Technology and Engineering (UNITE) - Brave NATO competition.",Globalsecurity.org,"26 Mar 2026, 07:42",https://www.globalsecurity.org/wmd/library/news/ukraine/2026/03/ukraine-260325-nato01.htm,technology,"NATO and Ukraine activate next steps for UNITE - Brave NATO innovation programme Following its announcement in November 2025, NATO and Ukraine have unveiled the next steps for the first Ukraine-NATO Innovation, Technology and Engineering (UNITE) - Brave NATO competition.",nato ukraine activate next steps unite brave nato innovation programme following announcement november nato ukraine unveiled next steps first ukraine nato innovation technology engineering unite brave nato competition
Commission presents €115 million Programme for agile and rapid defence innovation (AGILE),"The European Commission is presenting a new €115 million funding tool, AGILE, to bring disruptive defence technology from the lab to the field at record speed.",Globalsecurity.org,"26 Mar 2026, 07:42",https://www.globalsecurity.org/military/library/news/2026/03/mil-260325-european-commission03.htm,technology,"Commission presents €115 million Programme for agile and rapid defence innovation (AGILE) The European Commission is presenting a new €115 million funding tool, AGILE, to bring disruptive defence technology from the lab to the field at record speed.",commission presents million programme agile rapid defence innovation agile european commission presenting new million funding tool agile bring disruptive defence technology lab field record speed
Department of War and Honeywell Aerospace Forge Agreement to Surge Production of Critical Munitions Technology,"The Department of War, in partnership with Honeywell Aerospace, today announced a framework agreement to surge production of critical components for America's munitions stockpile, including navigation systems, Honeywell Assure™ actuators, and electronic warfa…",Globalsecurity.org,"26 Mar 2026, 07:42",https://www.globalsecurity.org/military/library/news/2026/03/mil-260325-dod01.htm,technology,"Department of War and Honeywell Aerospace Forge Agreement to Surge Production of Critical Munitions Technology The Department of War, in partnership with Honeywell Aerospace, today announced a framework agreement to surge production of critical components for America's munitions stockpile, including navigation systems, Honeywell Assure™ actuators, and electronic warfa…",department war honeywell aerospace forge agreement surge production critical munitions technology department war partnership honeywell aerospace today announced framework agreement surge production critical components america munitions stockpile including navigation systems honeywell assure actuators electronic warfa
"Türkiye navigating Mideast conflict cautiously, prudently, not falling into traps: President","Türkiye is navigating the current Mideast conflict cautiously and prudently, while upholding brotherhood and neighborly relations, Anadolu Agency reports citing President Recep Tayyip Erdogan.",Globalsecurity.org,"26 Mar 2026, 07:42",https://www.globalsecurity.org/wmd/library/news/turkey/2026/turkey-260325-azertac01.htm,technology,"Türkiye navigating Mideast conflict cautiously, prudently, not falling into traps: President Türkiye is navigating the current Mideast conflict cautiously and prudently, while upholding brotherhood and neighborly relations, Anadolu Agency reports citing President Recep Tayyip Erdogan.",rkiye navigating mideast conflict cautiously prudently falling traps president rkiye navigating current mideast conflict cautiously prudently upholding brotherhood neighborly relations anadolu agency reports citing president recep tayyip erdogan
Iran considers any threat or ultimatum as 'act of war': IRGC Aerospace chief,The Islamic Revolution Guards Corps (IRGC) Aerospace Force says any threat or ultimatum issued against Iran is considered an act of war.,Globalsecurity.org,"26 Mar 2026, 07:42",https://www.globalsecurity.org/wmd/library/news/iran/2026/03/iran-260325-presstv07.htm,technology,Iran considers any threat or ultimatum as 'act of war': IRGC Aerospace chief The Islamic Revolution Guards Corps (IRGC) Aerospace Force says any threat or ultimatum issued against Iran is considered an act of war.,iran considers threat ultimatum act war irgc aerospace chief islamic revolution guards corps irgc aerospace force says threat ultimatum issued iran considered act war
Raksha Mantri chairs Parliamentary Consultative Committee meeting for MoD on Border Roads Organisation,"Raksha Mantri Shri Rajnath Singh chaired a meeting of Parliamentary Consultative Committee for the Ministry of Defence on Border Roads Organisation (BRO) in New Delhi on March 25, 2026",Globalsecurity.org,"26 Mar 2026, 07:42",https://www.globalsecurity.org/wmd/library/news/india/2026/india-260325-india-pib01.htm,technology,"Raksha Mantri chairs Parliamentary Consultative Committee meeting for MoD on Border Roads Organisation Raksha Mantri Shri Rajnath Singh chaired a meeting of Parliamentary Consultative Committee for the Ministry of Defence on Border Roads Organisation (BRO) in New Delhi on March 25, 2026",raksha mantri chairs parliamentary consultative committee meeting mod border roads organisation raksha mantri shri rajnath singh chaired meeting parliamentary consultative committee ministry defence border roads organisation bro new delhi march
"The Army wants to use bullets, mortars, and artillery rounds to take out small drones",How existing systems are being shaped to shoot at tiny targets.,Defense One,"26 Mar 2026, 07:41",https://www.defenseone.com/technology/2026/03/army-wants-use-bullets-mortars-and-artillery-rounds-take-out-small-drones/412392/,technology,"The Army wants to use bullets, mortars, and artillery rounds to take out small drones How existing systems are being shaped to shoot at tiny targets.",army wants use bullets mortars artillery rounds take small drones existing systems shaped shoot tiny targets
Digital Identity Verification & KYC Automation Using Blockchain Technology,"Unlock seamless KYC with blockchain! Automate identity verification, boost security, cut costs, and enhance user experience. Embrace the future of trust!",C-sharpcorner.com,"26 Mar 2026, 07:34",https://www.c-sharpcorner.com/article/digital-identity-verification-kyc-automation-using-blockchain-technology/,technology,"Digital Identity Verification & KYC Automation Using Blockchain Technology Unlock seamless KYC with blockchain! Automate identity verification, boost security, cut costs, and enhance user experience. Embrace the future of trust!",digital identity verification kyc automation using blockchain technology unlock seamless kyc blockchain automate identity verification boost security cut costs enhance user experience embrace future trust
Bureau Veritas Strengthens Global Sustainable Finance Capabilities with Expanded Climate Bonds Approved Verifier Status,"COURBEVOIE, France — Bureau Veritas, a global leader in Testing, Inspection, and Certification services (TIC), is pleased to announce the expansion of its geographical scope as an Approved Verifier under the Climate Bonds Standard and Certification Scheme. Ad…",Financial Post,"26 Mar 2026, 07:33",https://financialpost.com/pmn/business-wire-news-releases-pmn/bureau-veritas-strengthens-global-sustainable-finance-capabilities-with-expanded-climate-bonds-approved-verifier-status,technology,"Bureau Veritas Strengthens Global Sustainable Finance Capabilities with Expanded Climate Bonds Approved Verifier Status COURBEVOIE, France — Bureau Veritas, a global leader in Testing, Inspection, and Certification services (TIC), is pleased to announce the expansion of its geographical scope as an Approved Verifier under the Climate Bonds Standard and Certification Scheme. Ad…",bureau veritas strengthens global sustainable finance capabilities expanded climate bonds approved verifier status courbevoie france bureau veritas global leader testing inspection certification services tic pleased announce expansion geographical scope approved verifier climate bonds standard certification scheme
Kenya’s new ‘strategic national asset’: Why control of health data vault matters,"Kenya has taken a bold step in recognising the value of health data. But as the conversations at the roundtable made clear, turning that data into better health...",Eastleighvoice.co.ke,"26 Mar 2026, 07:33",https://eastleighvoice.co.ke/news/320285/kenyas-new-strategic-national-asset-who-really-controls-the-health-data-vault,technology,"Kenya’s new ‘strategic national asset’: Why control of health data vault matters Kenya has taken a bold step in recognising the value of health data. But as the conversations at the roundtable made clear, turning that data into better health...",kenya new strategic national asset control health data vault matters kenya taken bold step recognising value health data conversations roundtable made clear turning data better health
Melania Trump shares the spotlight with a robot at an education and technology event - PBS,Melania Trump shares the spotlight with a robot at an education and technology eventPBS View Full Coverage on Google News ...,Slashdot.org,"26 Mar 2026, 07:32",https://slashdot.org/firehose.pl?op=view&amp;id=181105538,technology,Melania Trump shares the spotlight with a robot at an education and technology event - PBS Melania Trump shares the spotlight with a robot at an education and technology eventPBS View Full Coverage on Google News ...,melania trump shares spotlight robot education technology event pbs melania trump shares spotlight robot education technology eventpbs view full coverage google news
10 Ukrainians Humbled Two NATO Battalions. When Will NATO Wake Up?,"Last May, NATO invited 10 Ukrainians to act as an opposing force during Hedgehog 2025, one of NATO’s largest exercises in the Baltics. The Ukrainians successfully simulated the destruction of 17 armored vehicles and conducted 30 strikes in half a day, effecti…",War on the Rocks,"26 Mar 2026, 07:30",https://warontherocks.com/2026/03/10-ukrainians-humbled-two-nato-battalions-when-will-nato-wake-up/,technology,"10 Ukrainians Humbled Two NATO Battalions. When Will NATO Wake Up? Last May, NATO invited 10 Ukrainians to act as an opposing force during Hedgehog 2025, one of NATO’s largest exercises in the Baltics. The Ukrainians successfully simulated the destruction of 17 armored vehicles and conducted 30 strikes in half a day, effecti…",ukrainians humbled two nato battalions nato wake last may nato invited ukrainians act opposing force hedgehog one nato largest exercises baltics ukrainians successfully simulated destruction armored vehicles conducted strikes half day effecti
Madam's former driver in a QR fuel scam using the chassis number.,A person who fraudulently obtained and used confidential information from the QR code for obtaining fuel for a car owned by a woman was arrested yesterday (25) in the Nittambuwa area by the Computer Crime Investigation Division of the Criminal Investigation D…,Gossiplankanews.com,"26 Mar 2026, 07:30",https://english.gossiplankanews.com/2026/03/madams-former-driver-in-qr-fuel-scam.html,technology,Madam's former driver in a QR fuel scam using the chassis number. A person who fraudulently obtained and used confidential information from the QR code for obtaining fuel for a car owned by a woman was arrested yesterday (25) in the Nittambuwa area by the Computer Crime Investigation Division of the Criminal Investigation D…,madam former driver fuel scam using chassis number person fraudulently obtained used confidential information code obtaining fuel car owned woman arrested yesterday nittambuwa area computer crime investigation division criminal investigation
Sunday's 'Playful Precision': a robotics brand designed to give you your time back,"Most technology competes for your attention. Sunday is building the complete opposite, a new kind of robotics company focused on returning time to people's lives. Its identity, created in collabora...",Creative Boom,"26 Mar 2026, 07:30",https://www.creativeboom.com/news/sundays-playful-precision-a-robotics-brand-designed-to-give-you-your-time-back/,technology,"Sunday's 'Playful Precision': a robotics brand designed to give you your time back Most technology competes for your attention. Sunday is building the complete opposite, a new kind of robotics company focused on returning time to people's lives. Its identity, created in collabora...",sunday playful precision robotics brand designed give time back technology competes attention sunday building complete opposite new kind robotics company focused returning time people lives identity created collabora
"Samsung Reportedly Drops Plans To Design Its Exynos 2800 On A Sub-2nm Process, Preferring Healthy Yields And Optimizations Over Cutting-Edge Lithography","The introduction of Samsung’s first-generation 2nm GAA process will be followed by improved iterations of the lithography, with the Korean giant reportedly planning to complete the design of its cutting-edge SoC, the Exynos 2800, within this year. The signifi…",Wccftech,"26 Mar 2026, 07:29",https://wccftech.com/exynos-2800-to-be-mass-produced-on-improved-2nm-process/,technology,"Samsung Reportedly Drops Plans To Design Its Exynos 2800 On A Sub-2nm Process, Preferring Healthy Yields And Optimizations Over Cutting-Edge Lithography The introduction of Samsung’s first-generation 2nm GAA process will be followed by improved iterations of the lithography, with the Korean giant reportedly planning to complete the design of its cutting-edge SoC, the Exynos 2800, within this year. The signifi…",samsung reportedly drops plans design exynos sub process preferring healthy yields optimizations cutting edge lithography introduction samsung first generation gaa process followed improved iterations lithography korean giant reportedly planning complete design cutting edge soc exynos within year signifi
"OLAPLEX, a Leading, Science-Led Prestige Hair Care Brand, to be Acquired by Henkel for $1.4 Billion",Combination pairs OLAPLEX’s premium hair care brand with Henkel’s global reach and resources Transaction is expected to accelerate OLAPLEX’s value...,GlobeNewswire,"26 Mar 2026, 07:25",https://www.globenewswire.com/news-release/2026/03/26/3262757/0/en/OLAPLEX-a-Leading-Science-Led-Prestige-Hair-Care-Brand-to-be-Acquired-by-Henkel-for-1-4-Billion.html,technology,"OLAPLEX, a Leading, Science-Led Prestige Hair Care Brand, to be Acquired by Henkel for $1.4 Billion Combination pairs OLAPLEX’s premium hair care brand with Henkel’s global reach and resources Transaction is expected to accelerate OLAPLEX’s value...",olaplex leading science led prestige hair care brand acquired henkel billion combination pairs olaplex premium hair care brand henkel global reach resources transaction expected accelerate olaplex value
Universal Microwave Technology ramps up OISL output as LEO delivery deadlines threaten supply chains,"SATELLITE 2026, the international satellite industry's premier event, runs from March 23 to 26 in Washington, where Universal Microwave Technology, Inc. will once again engage with global satellite operators, equipment makers, component suppliers, and governm…",Digitimes,"26 Mar 2026, 07:24",https://www.digitimes.com/news/a20260325PD202/umt-leo-2026-component-production.html,technology,"Universal Microwave Technology ramps up OISL output as LEO delivery deadlines threaten supply chains SATELLITE 2026, the international satellite industry's premier event, runs from March 23 to 26 in Washington, where Universal Microwave Technology, Inc. will once again engage with global satellite operators, equipment makers, component suppliers, and governm…",universal microwave technology ramps oisl output leo delivery deadlines threaten supply chains satellite international satellite industry premier event runs march washington universal microwave technology inc engage global satellite operators equipment makers component suppliers governm
Iran war deflects attention from Ukraine as an emboldened Russia starts spring offensive,The Iran war has deflected global attention from Russia’s all-out invasion of its neighbor Ukraine as Europe’s biggest conflict since World War II enters its fifth year and an emboldened Kremlin undertakes a spring offensive,Abcnews.com,"26 Mar 2026, 07:23",https://abcnews.com/International/wireStory/iran-war-deflects-attention-ukraine-emboldened-russia-starts-131421742,technology,Iran war deflects attention from Ukraine as an emboldened Russia starts spring offensive The Iran war has deflected global attention from Russia’s all-out invasion of its neighbor Ukraine as Europe’s biggest conflict since World War II enters its fifth year and an emboldened Kremlin undertakes a spring offensive,iran war deflects attention ukraine emboldened russia starts spring offensive iran war deflected global attention russia invasion neighbor ukraine europe biggest conflict since world war enters fifth year emboldened kremlin undertakes spring offensive
CommodityHero Introduces TradeLens Platform to Expand Access to Historical Commodity Trade Data,New system integrates structured trade records into CommodityHero ecosystem to support brokerage workflows New system integrates structured trade records into CommodityHero ecosystem to support brokerage workflows,GlobeNewswire,"26 Mar 2026, 07:21",https://www.globenewswire.com/news-release/2026/03/26/3262756/0/en/CommodityHero-Introduces-TradeLens-Platform-to-Expand-Access-to-Historical-Commodity-Trade-Data.html,technology,CommodityHero Introduces TradeLens Platform to Expand Access to Historical Commodity Trade Data New system integrates structured trade records into CommodityHero ecosystem to support brokerage workflows New system integrates structured trade records into CommodityHero ecosystem to support brokerage workflows,commodityhero introduces tradelens platform expand access historical commodity trade data new system integrates structured trade records commodityhero ecosystem support brokerage workflows new system integrates structured trade records commodityhero ecosystem support brokerage workflows
L&T Tech to sell smart world portfolio to AM Group-backed AMI Paradigm Solutions,"The deal with L&amp;T Technology Services comes as AM Group advances plans to invest about $25 billion to build a 1 GW high-performance computing hub in Uttar Pradesh, underscoring its push into AI infrastructure.",Livemint,"26 Mar 2026, 07:20",https://www.livemint.com/companies/news/lt-tech-sells-smart-world-communication-business-india-ami-paradigm-11774504863808.html,technology,"L&T Tech to sell smart world portfolio to AM Group-backed AMI Paradigm Solutions The deal with L&amp;T Technology Services comes as AM Group advances plans to invest about $25 billion to build a 1 GW high-performance computing hub in Uttar Pradesh, underscoring its push into AI infrastructure.",tech sell smart world portfolio group backed ami paradigm solutions deal amp technology services comes group advances plans invest billion build high performance computing hub uttar pradesh underscoring push infrastructure
"As juries turn against social media for harming kids, Big Tech's invincibility starts to show cracks","Juries hold Meta and YouTube accountable for children's harm, signaling a shift in public perception against Big Tech's influence.",BusinessLine,"26 Mar 2026, 07:16",https://www.thehindubusinessline.com/info-tech/social-media/as-juries-turn-against-social-media-for-harming-kids-big-techs-invincibility-starts-to-show-cracks/article70787107.ece,technology,"As juries turn against social media for harming kids, Big Tech's invincibility starts to show cracks Juries hold Meta and YouTube accountable for children's harm, signaling a shift in public perception against Big Tech's influence.",juries turn social media harming kids big tech invincibility starts show cracks juries hold meta youtube accountable children harm signaling shift public perception big tech influence
India’s e-commerce hiring surges 35% in the last 2 years: Report,"India’s e-commerce and quick commerce sector is shifting to a capability-led hiring phase, with talent demand rising 35% from about 73,000 roles in 2023 to nearly 99,000 in 2025, according to CIEL HR. Hiring is now focused on technology roles such as software…",The Times of India,"26 Mar 2026, 07:13",https://economictimes.indiatimes.com/jobs/fresher/indias-e-commerce-hiring-surges-35-in-the-last-2-years-report/articleshow/129818183.cms,technology,"India’s e-commerce hiring surges 35% in the last 2 years: Report India’s e-commerce and quick commerce sector is shifting to a capability-led hiring phase, with talent demand rising 35% from about 73,000 roles in 2023 to nearly 99,000 in 2025, according to CIEL HR. Hiring is now focused on technology roles such as software…",india commerce hiring surges last years report india commerce quick commerce sector shifting capability led hiring phase talent demand rising roles nearly according ciel hiring focused technology roles software
One Tech Tip: Here's how AI can (and can't) help you in your job hunt,Finding a job feels harder than ever,Abcnews.com,"26 Mar 2026, 07:13",https://abcnews.com/Technology/wireStory/tech-tip-ai-job-hunt-131422677,technology,One Tech Tip: Here's how AI can (and can't) help you in your job hunt Finding a job feels harder than ever,one tech tip help job hunt finding job feels harder ever
GLOBAL POWER SOLUTIONS JOINS THE CANADA DATA CENTRES’ ALLIANCE,"Vancouver, British Columbia, March 26, 2026 (GLOBE NEWSWIRE) -- Global Power Solutions Corp. (TSXV: PWER) (FSE: NJA) (“Global” or the “Company”) announces that it has joined the Canada Data Centres’ Alliance (CDCA), a national industry organization representi…",GlobeNewswire,"26 Mar 2026, 07:05",https://www.globenewswire.com/news-release/2026/03/26/3262754/0/en/GLOBAL-POWER-SOLUTIONS-JOINS-THE-CANADA-DATA-CENTRES-ALLIANCE.html,technology,"GLOBAL POWER SOLUTIONS JOINS THE CANADA DATA CENTRES’ ALLIANCE Vancouver, British Columbia, March 26, 2026 (GLOBE NEWSWIRE) -- Global Power Solutions Corp. (TSXV: PWER) (FSE: NJA) (“Global” or the “Company”) announces that it has joined the Canada Data Centres’ Alliance (CDCA), a national industry organization representi…",global power solutions joins canada data centres alliance vancouver british columbia march globe newswire global power solutions corp tsxv pwer fse nja global company announces joined canada data centres alliance cdca national industry organization representi
Rising GPU costs force India to reassess AI incentives and hardware policy,"India is reviewing its technology incentive framework as surging graphics processing unit (GPU) prices reshape the economics of these policies, with implications for both manufacturing policy and public investment plans, according to officials and industry pa…",Digitimes,"26 Mar 2026, 07:03",https://www.digitimes.com/news/a20260325VL208/india-gpu-ai-incentives-policy.html,technology,"Rising GPU costs force India to reassess AI incentives and hardware policy India is reviewing its technology incentive framework as surging graphics processing unit (GPU) prices reshape the economics of these policies, with implications for both manufacturing policy and public investment plans, according to officials and industry pa…",rising gpu costs force india reassess incentives hardware policy india reviewing technology incentive framework surging graphics processing unit gpu prices reshape economics policies implications manufacturing policy public investment plans according officials industry
Samsung and SK Hynix accelerate expansion in China,"According to South Korean media BusinessKorea, major memory chip manufacturers Samsung Electronics and SK Hynix are making large-scale facility investments in their factories in China to upgrade their process technology and production capacity. Amid a global …",TechNode,"26 Mar 2026, 07:03",http://technode.com/2026/03/26/samsung-and-sk-hynix-accelerate-expansion-in-china/,technology,"Samsung and SK Hynix accelerate expansion in China According to South Korean media BusinessKorea, major memory chip manufacturers Samsung Electronics and SK Hynix are making large-scale facility investments in their factories in China to upgrade their process technology and production capacity. Amid a global …",samsung hynix accelerate expansion china according south korean media businesskorea major memory chip manufacturers samsung electronics hynix making large scale facility investments factories china upgrade process technology production capacity amid global
Tinder introduces ‘first-of-its-kind’ technology that will change dating game,Tinder is introducing ‘first-of-its-kind’ facial verification technology aimed to minimise the number of fake profiles on the app.,LADbible,"26 Mar 2026, 07:00",https://www.ladbible.com/news/technology/tinder-face-check-technology-profile-match-123929-20260325,technology,Tinder introduces ‘first-of-its-kind’ technology that will change dating game Tinder is introducing ‘first-of-its-kind’ facial verification technology aimed to minimise the number of fake profiles on the app.,tinder introduces first kind technology change dating game tinder introducing first kind facial verification technology aimed minimise number fake profiles app
Exynos 2600 vs Snapdragon 8 Elite: The Winner of the Samsung Galaxy S26 Test,"Samsung’s Galaxy S26 flagship smartphone is available in two distinct versions, each catering to different regions. The global variant is powered by the Exynos 2600 chipset, while the Snapdragon 8 Gen 5 Galaxy Edition is reserved for markets like North Americ…",Geeky Gadgets,"26 Mar 2026, 07:00",https://www.geeky-gadgets.com/galaxy-s26-battery-runtime/,technology,"Exynos 2600 vs Snapdragon 8 Elite: The Winner of the Samsung Galaxy S26 Test Samsung’s Galaxy S26 flagship smartphone is available in two distinct versions, each catering to different regions. The global variant is powered by the Exynos 2600 chipset, while the Snapdragon 8 Gen 5 Galaxy Edition is reserved for markets like North Americ…",exynos snapdragon elite winner samsung galaxy test samsung galaxy flagship smartphone available two distinct versions catering different regions global variant powered exynos chipset snapdragon gen galaxy edition reserved markets like north americ
How South Korea Can Bring Iron to the Strait of Hormuz,Recent developments indicate that the United States has begun redeploying critical missile defense assets — including elements of the Terminal High Altitude Area Defense (THAAD) system and Patriot batteries — from South Korea to the Middle East. As Washington…,War on the Rocks,"26 Mar 2026, 07:00",https://warontherocks.com/2026/03/how-south-korea-can-bring-iron-to-the-strait-of-hormuz/,technology,How South Korea Can Bring Iron to the Strait of Hormuz Recent developments indicate that the United States has begun redeploying critical missile defense assets — including elements of the Terminal High Altitude Area Defense (THAAD) system and Patriot batteries — from South Korea to the Middle East. As Washington…,south korea bring iron strait hormuz recent developments indicate united states begun redeploying critical missile defense assets including elements terminal high altitude area defense thaad system patriot batteries south korea middle east washington
Ireland's first mobile video call made via satellite,Ireland's first mobile video phone call via satellite using a standard smartphone has been made.,RTE,"26 Mar 2026, 07:00",https://www.rte.ie/news/ireland/2026/0326/1565222-satellite-call-ireland/,technology,Ireland's first mobile video call made via satellite Ireland's first mobile video phone call via satellite using a standard smartphone has been made.,ireland first mobile video call made via satellite ireland first mobile video phone call via satellite using standard smartphone made
"What History, Evidence and Competing Views Tell Us About AI and Higher Education","What History, Evidence and Competing Views Tell Us About AI and Higher Education joshua.m.kim@d… Thu, 03/26/2026 - 03:00 AM Conversations about technology and education too often skip past the accumulated evidence on teaching and learning in order to chase…",Inside Higher Ed,"26 Mar 2026, 07:00",https://www.insidehighered.com/opinion/columns/learning-innovation/2026/03/26/what-history-evidence-competing-views-say-about-ai,technology,"What History, Evidence and Competing Views Tell Us About AI and Higher Education What History, Evidence and Competing Views Tell Us About AI and Higher Education joshua.m.kim@d… Thu, 03/26/2026 - 03:00 AM Conversations about technology and education too often skip past the accumulated evidence on teaching and learning in order to chase…",history evidence competing views tell higher education history evidence competing views tell higher education joshua kim thu conversations technology education often skip past accumulated evidence teaching learning order chase
"eBay Launches ‘The NYC Edit,’ Revealing What New York’s Most ‘In-the-Know’ Tastemakers Are Selling and Buying","From 1999 Tom Ford Gucci to L.L.Bean Boat and Totes, 10 New Yorkers share what’s moving from their own closets to the marketplace, and what they’re making room to buy next.",Ebayinc.com,"26 Mar 2026, 07:00",https://www.ebayinc.com/stories/news/ebay-launches-the-nyc-edit-revealing-what-new-yorks-most-in-the-know-tastemakers-are-selling-and-buying/,technology,"eBay Launches ‘The NYC Edit,’ Revealing What New York’s Most ‘In-the-Know’ Tastemakers Are Selling and Buying From 1999 Tom Ford Gucci to L.L.Bean Boat and Totes, 10 New Yorkers share what’s moving from their own closets to the marketplace, and what they’re making room to buy next.",ebay launches nyc edit revealing new york know tastemakers selling buying tom ford gucci bean boat totes new yorkers share moving closets marketplace making room buy next
What is tech addiction? A court ruling makes it Big Tech’s next big problem,"The verdict in a landmark lawsuit over addictive social media design—and a wave of similar cases against Meta, YouTube, TikTok, and Snap—could force Silicon Valley to confront whether its most powerful and “sticky” products are behaving like hard-to-kick drug…",Fortune,"26 Mar 2026, 07:00",https://fortune.com/2026/03/26/what-is-tech-addiction-meta-youtube-trial/,technology,"What is tech addiction? A court ruling makes it Big Tech’s next big problem The verdict in a landmark lawsuit over addictive social media design—and a wave of similar cases against Meta, YouTube, TikTok, and Snap—could force Silicon Valley to confront whether its most powerful and “sticky” products are behaving like hard-to-kick drug…",tech addiction court ruling makes big tech next big problem verdict landmark lawsuit addictive social media design wave similar cases meta youtube tiktok snap could force silicon valley confront whether powerful sticky products behaving like hard kick drug
The world’s consumers are ready for robotaxis. James Peng of Pony AI wants to make sure they’re riding in his,"Peng sees a world with more robotaxis as “inevitable,” citing safety and convenience. “People love to drive; they don’t love driving all the time.""",Fortune,"26 Mar 2026, 07:00",https://fortune.com/2026/03/26/pony-ai-ceo-james-peng-china-robotaxi/,technology,"The world’s consumers are ready for robotaxis. James Peng of Pony AI wants to make sure they’re riding in his Peng sees a world with more robotaxis as “inevitable,” citing safety and convenience. “People love to drive; they don’t love driving all the time.""",world consumers ready robotaxis james peng pony wants make sure riding peng sees world robotaxis inevitable citing safety convenience people love drive love driving time
BMW Group builds new Competence Centre Circularity at Wackersdorf site,"+++ BMW Group Recycling and Dismantling Centre (RDC) set to become Competence Centre Circularity +++ Strengthening the circular economy, resource efficiency and technology development +++ Clear signal for the future of the Wackersdorf location +++",Bmwgroup.com,"26 Mar 2026, 07:00",https://www.press.bmwgroup.com/global/article/detail/T0456550EN/bmw-group-builds-new-competence-centre-circularity-at-wackersdorf-site?language=en,technology,"BMW Group builds new Competence Centre Circularity at Wackersdorf site +++ BMW Group Recycling and Dismantling Centre (RDC) set to become Competence Centre Circularity +++ Strengthening the circular economy, resource efficiency and technology development +++ Clear signal for the future of the Wackersdorf location +++",bmw group builds new competence centre circularity wackersdorf site bmw group recycling dismantling centre rdc set become competence centre circularity strengthening circular economy resource efficiency technology development clear signal future wackersdorf location
"Area Studies, Once Vital, Wither Without Funding","Area Studies, Once Vital, Wither Without Funding Emma Whitford Thu, 03/26/2026 - 03:00 AM Area studies centers were born out of World War II and supported by the U.S. government as an essential part of national security strategy. Now, they are disapp…",Inside Higher Ed,"26 Mar 2026, 07:00",https://www.insidehighered.com/news/business/academic-programs/2026/03/26/area-studies-once-vital-wither-without-funding,technology,"Area Studies, Once Vital, Wither Without Funding Area Studies, Once Vital, Wither Without Funding Emma Whitford Thu, 03/26/2026 - 03:00 AM Area studies centers were born out of World War II and supported by the U.S. government as an essential part of national security strategy. Now, they are disapp…",area studies vital wither without funding area studies vital wither without funding emma whitford thu area studies centers born world war supported government essential part national security strategy disapp
Integrating AI Across the Liberal Arts,"Integrating AI Across the Liberal Arts Joshua.Bay Thu, 03/26/2026 - 03:00 AM The University of Richmond’s new Center for Liberal Arts and AI helps students and faculty explore artificial intelligence ethically, critically and across disciplines. B…",Inside Higher Ed,"26 Mar 2026, 07:00",https://www.insidehighered.com/news/student-success/academic-life/2026/03/26/richmond-integrates-ai-across-liberal-arts,technology,"Integrating AI Across the Liberal Arts Integrating AI Across the Liberal Arts Joshua.Bay Thu, 03/26/2026 - 03:00 AM The University of Richmond’s new Center for Liberal Arts and AI helps students and faculty explore artificial intelligence ethically, critically and across disciplines. B…",integrating across liberal arts integrating across liberal arts joshua bay thu university richmond new center liberal arts helps students faculty explore artificial intelligence ethically critically across disciplines
Ireland's first mobile video call via satellite is made,Ireland's first mobile video phone call via satellite using a standard smartphone has been made.,RTE,"26 Mar 2026, 07:00",https://www.rte.ie/news/business/2026/0326/1565222-satellite-call-ireland/,technology,Ireland's first mobile video call via satellite is made Ireland's first mobile video phone call via satellite using a standard smartphone has been made.,ireland first mobile video call via satellite made ireland first mobile video phone call via satellite using standard smartphone made
Use of ‘prefab’ to describe modern building methods should be avoided due to ‘historic stigma’,"Participants in research recalled ‘poor-quality prefab classrooms’ and other portable structures, associating with impermanence or lower standards",The Irish Times,"26 Mar 2026, 07:00",https://www.irishtimes.com/ireland/housing-planning/2026/03/26/use-of-prefab-to-describe-modern-building-methods-should-be-avoided-due-to-historic-stigma/,technology,"Use of ‘prefab’ to describe modern building methods should be avoided due to ‘historic stigma’ Participants in research recalled ‘poor-quality prefab classrooms’ and other portable structures, associating with impermanence or lower standards",use prefab describe modern building methods avoided due historic stigma participants research recalled poor quality prefab classrooms portable structures associating impermanence lower standards
Reducing import dependence through refining and recycling the way to navigate India Gold sector: Report,India's gold industry is shifting focus from buying to investing. The nation aims to reduce its reliance on imported gold by boosting local refining and recycling efforts. Plans are underway to make India a global center for gold refining and trading. These…,The Times of India,"26 Mar 2026, 06:55",https://economictimes.indiatimes.com/news/economy/foreign-trade/reducing-import-dependence-through-refining-and-recycling-the-way-to-navigate-india-gold-sector-report/articleshow/129817846.cms,technology,Reducing import dependence through refining and recycling the way to navigate India Gold sector: Report India's gold industry is shifting focus from buying to investing. The nation aims to reduce its reliance on imported gold by boosting local refining and recycling efforts. Plans are underway to make India a global center for gold refining and trading. These…,reducing import dependence refining recycling way navigate india gold sector report india gold industry shifting focus buying investing nation aims reduce reliance imported gold boosting local refining recycling efforts plans underway make india global center gold refining trading
COLORFUL Presents iGame Z890 ULTRA-S W and iGame Z890M ULTRA Z Motherboards,"Colorful Technology Company Limited, a leading brand in gaming PC components, gaming laptops, and Hi-fi audio products, proudly introduces the iGame Z890 ULTRA-S W and iGame Z890M ULTRA Z motherboards designed to support the latest Intel Core Ultra 200S Plus …",Madshrimps.be,"26 Mar 2026, 06:51",https://www.madshrimps.be/news/colorful-presents-igame-z890-ultra-s-w-and-igame-z890m-ultra-z-motherboards/,technology,"COLORFUL Presents iGame Z890 ULTRA-S W and iGame Z890M ULTRA Z Motherboards Colorful Technology Company Limited, a leading brand in gaming PC components, gaming laptops, and Hi-fi audio products, proudly introduces the iGame Z890 ULTRA-S W and iGame Z890M ULTRA Z motherboards designed to support the latest Intel Core Ultra 200S Plus …",colorful presents igame ultra igame ultra motherboards colorful technology company limited leading brand gaming components gaming laptops audio products proudly introduces igame ultra igame ultra motherboards designed support latest intel core ultra plus
"Small sleep, exercise and diet changes can cut heart attack and stroke risk","For people with poor habits, these tweaks cut major heart risk by up to 57%.",New Zealand Herald,"26 Mar 2026, 06:48",https://www.nzherald.co.nz/lifestyle/small-sleep-exercise-and-diet-changes-can-cut-heart-attack-and-stroke-risk/XLEXHSXYAFC7TBKDFX72RVABGQ/,technology,"Small sleep, exercise and diet changes can cut heart attack and stroke risk For people with poor habits, these tweaks cut major heart risk by up to 57%.",small sleep exercise diet changes cut heart attack stroke risk people poor habits tweaks cut major heart risk
Diesel Laptops founder Tyler Robertson: New Howes Hall of Fame member,"Howes Products announced Tyler Robertson, founder and CEO of Diesel Laptops, as the newest member of the Howes Hall of Fame for his outstanding contributions to the diesel industry. Likewise: His company’s unwavering commitment to supporting technicians, flee…",Overdriveonline.com,"26 Mar 2026, 06:47",https://www.overdriveonline.com/life/article/15820626/diesel-laptops-founder-tyler-robertson-new-howes-hall-of-fame-member,technology,"Diesel Laptops founder Tyler Robertson: New Howes Hall of Fame member Howes Products announced Tyler Robertson, founder and CEO of Diesel Laptops, as the newest member of the Howes Hall of Fame for his outstanding contributions to the diesel industry. Likewise: His company’s unwavering commitment to supporting technicians, flee…",diesel laptops founder tyler robertson new howes hall fame member howes products announced tyler robertson founder ceo diesel laptops newest member howes hall fame outstanding contributions diesel industry likewise company unwavering commitment supporting technicians flee
"SF Holding Upgraded to “AA” in MSCI ESG Ratings, Reinforcing Its Global Leadership in Sustainable Logistics","SF Holding Upgraded to ""AA"" in MSCI ESG Ratings, Reinforcing Its Global Leadership in Sustainable Logistics",BusinessLine,"26 Mar 2026, 06:45",https://www.thehindubusinessline.com/brandhub/pr-release/sf-holding-upgraded-to-aa-in-msci-esg-ratings-reinforcing-its-global-leadership-in-sustainable-logistics/article70787042.ece,technology,"SF Holding Upgraded to “AA” in MSCI ESG Ratings, Reinforcing Its Global Leadership in Sustainable Logistics SF Holding Upgraded to ""AA"" in MSCI ESG Ratings, Reinforcing Its Global Leadership in Sustainable Logistics",holding upgraded msci esg ratings reinforcing global leadership sustainable logistics holding upgraded msci esg ratings reinforcing global leadership sustainable logistics
"The war and us, the mini-chaos in PASOK, the Intrum experiment, the Fessas–Fourlis engagement, the publishing deal, the Batman from the past","/// The post The war and us, the mini-chaos in PASOK, the Intrum experiment, the Fessas–Fourlis engagement, the publishing deal, the Batman from the past appeared first on ProtoThema English.",Protothema.gr,"26 Mar 2026, 06:41",https://en.protothema.gr/2026/03/26/the-war-and-us-the-mini-chaos-in-pasok-the-intrum-experiment-the-fessas-fourlis-engagement-the-publishing-deal-the-batman-from-the-past/,technology,"The war and us, the mini-chaos in PASOK, the Intrum experiment, the Fessas–Fourlis engagement, the publishing deal, the Batman from the past /// The post The war and us, the mini-chaos in PASOK, the Intrum experiment, the Fessas–Fourlis engagement, the publishing deal, the Batman from the past appeared first on ProtoThema English.",war mini chaos pasok intrum experiment fessas fourlis engagement publishing deal batman past post war mini chaos pasok intrum experiment fessas fourlis engagement publishing deal batman past appeared first protothema english
Championing innovation: Bedfont® Scientific CTO shortlisted for Technology Leader of the Year,"Scott Deamer-Smith, Chief Technology Officer (CTO) at Bedfont® Scientific Limited, has been recognized for his outstanding contribution to innovation and technology.",News-Medical.Net,"26 Mar 2026, 06:39",https://www.news-medical.net/news/20260326/Championing-innovation-Bedfontc2ae-Scientific-CTO-shortlisted-for-Technology-Leader-of-the-Year.aspx,technology,"Championing innovation: Bedfont® Scientific CTO shortlisted for Technology Leader of the Year Scott Deamer-Smith, Chief Technology Officer (CTO) at Bedfont® Scientific Limited, has been recognized for his outstanding contribution to innovation and technology.",championing innovation bedfont scientific cto shortlisted technology leader year scott deamer smith chief technology officer cto bedfont scientific limited recognized outstanding contribution innovation technology
"AMERICA Prayer Vigil March 26, 2026 ~PRAYER~","Join with fellow FREEPERS across the world to pray for AMERICA: For those in Authority in Government, Family, Military, Business, Agri-Business, Healthcare, Education, Churches, Technology, Religious Freedom and the Media. I urge, then, first of all, that req…",Freerepublic.com,"26 Mar 2026, 06:37",https://freerepublic.com/focus/f-religion/4372247/posts,technology,"AMERICA Prayer Vigil March 26, 2026 ~PRAYER~ Join with fellow FREEPERS across the world to pray for AMERICA: For those in Authority in Government, Family, Military, Business, Agri-Business, Healthcare, Education, Churches, Technology, Religious Freedom and the Media. I urge, then, first of all, that req…",america prayer vigil march prayer join fellow freepers across world pray america authority government family military business agri business healthcare education churches technology religious freedom media urge first req
"Palantir CEO thinks people with ADHD, autism, other neudivergence disorders have a unique edge in the AI era",Palantir CEO Alex Karp stated that individuals with vocational training or neurodivergent traits should not fear AI's rise. He emphasizes the importance of unique skills and creativity as a special weapon in the AI era.,Livemint,"26 Mar 2026, 06:33",https://www.livemint.com/companies/people/palantir-ceo-alex-karp-thinks-people-with-adhd-autism-other-neudivergence-disorders-have-a-unique-edge-in-the-ai-era-11774497154873.html,technology,"Palantir CEO thinks people with ADHD, autism, other neudivergence disorders have a unique edge in the AI era Palantir CEO Alex Karp stated that individuals with vocational training or neurodivergent traits should not fear AI's rise. He emphasizes the importance of unique skills and creativity as a special weapon in the AI era.",palantir ceo thinks people adhd autism neudivergence disorders unique edge era palantir ceo alex karp stated individuals vocational training neurodivergent traits fear rise emphasizes importance unique skills creativity special weapon era
iOS 26.4: The Subtle UI Tweaks That Just Refreshed Your Entire iPhone,"Apple has officially launched iOS 26.4, a feature-packed update designed to enhance functionality, improve design, and address critical bugs. With updates spanning the Music app, accessibility tools, privacy features, and performance optimizations, this relea…",Geeky Gadgets,"26 Mar 2026, 06:30",https://www.geeky-gadgets.com/ios-26-4-features/,technology,"iOS 26.4: The Subtle UI Tweaks That Just Refreshed Your Entire iPhone Apple has officially launched iOS 26.4, a feature-packed update designed to enhance functionality, improve design, and address critical bugs. With updates spanning the Music app, accessibility tools, privacy features, and performance optimizations, this relea…",ios subtle tweaks refreshed entire iphone apple officially launched ios feature packed update designed enhance functionality improve design address critical bugs updates spanning music app accessibility tools privacy features performance optimizations relea
Empower women as managers of vital resources: It could help save India from water bankruptcy,"India’s water future hinges on choices made today. We need coordinated action by governments, communities, businesses and individuals. Evidence suggests that women’s leadership at the grassroots can drive behavioural change, keep water use within ‘budgets’ an…",Livemint,"26 Mar 2026, 06:30",https://www.livemint.com/opinion/online-views/empower-women-water-bankruptcy-managers-vital-resources-india-budgeting-conservation-11774449068218.html,technology,"Empower women as managers of vital resources: It could help save India from water bankruptcy India’s water future hinges on choices made today. We need coordinated action by governments, communities, businesses and individuals. Evidence suggests that women’s leadership at the grassroots can drive behavioural change, keep water use within ‘budgets’ an…",empower women managers vital resources could help save india water bankruptcy india water future hinges choices made today need coordinated action governments communities businesses individuals evidence suggests women leadership grassroots drive behavioural change keep water use within budgets
"For the African Market, Tongwei Solar Showcases High-Efficiency Cell Products and Technology Strength at Solar & Storage Live Africa 2026","JOHANNESBURG, March 26, 2026 /PRNewswire/ -- Against the backdrop of growing demand in Africa for efficient, reliable, and sustainable solar products, Tongwei Solar, a Chinese crystalline silicon solar cell manufacturer, appeared at Solar & Storage Live Afric…",PR Newswire UK,"26 Mar 2026, 06:28",https://www.prnewswire.co.uk/news-releases/for-the-african-market-tongwei-solar-showcases-high-efficiency-cell-products-and-technology-strength-at-solar--storage-live-africa-2026-302725819.html,technology,"For the African Market, Tongwei Solar Showcases High-Efficiency Cell Products and Technology Strength at Solar & Storage Live Africa 2026 JOHANNESBURG, March 26, 2026 /PRNewswire/ -- Against the backdrop of growing demand in Africa for efficient, reliable, and sustainable solar products, Tongwei Solar, a Chinese crystalline silicon solar cell manufacturer, appeared at Solar & Storage Live Afric…",african market tongwei solar showcases high efficiency cell products technology strength solar storage live africa johannesburg march prnewswire backdrop growing demand africa efficient reliable sustainable solar products tongwei solar chinese crystalline silicon solar cell manufacturer appeared solar storage live afric
"Go for a walk, man: Sony's drive to create a car parked by partner Honda","CarStation/PlayMobile won’t hit the road after pile-up of tax and competition issues in China and the USA Sony and Honda have broken up, meaning their joint vision to deliver a revolutionary electric vehicle won’t happen.…",Theregister.com,"26 Mar 2026, 06:24",https://www.theregister.com/2026/03/26/honda_sony_jv_hits_pause/,technology,"Go for a walk, man: Sony's drive to create a car parked by partner Honda CarStation/PlayMobile won’t hit the road after pile-up of tax and competition issues in China and the USA Sony and Honda have broken up, meaning their joint vision to deliver a revolutionary electric vehicle won’t happen.…",walk man sony drive create car parked partner honda carstation playmobile hit road pile tax competition issues china usa sony honda broken meaning joint vision deliver revolutionary electric vehicle happen
Bank of England IT project offers lessons for wider government,"The UK central bank’s core IT system replacement project surprised MPs, who were unaccustomed to reviewing success stories – its achievement could potentially serve as a model for future government IT initiatives",ComputerWeekly.com,"26 Mar 2026, 06:20",https://www.computerweekly.com/news/366640719/Bank-of-England-IT-project-offers-lessons-for-wider-government,technology,"Bank of England IT project offers lessons for wider government The UK central bank’s core IT system replacement project surprised MPs, who were unaccustomed to reviewing success stories – its achievement could potentially serve as a model for future government IT initiatives",bank england project offers lessons wider government central bank core system replacement project surprised mps unaccustomed reviewing success stories achievement could potentially serve model future government initiatives
Fuel price package: a vital support or a sop to the rich?,"Business Today: The best news, analysis and comment from The Irish Times business desk",The Irish Times,"26 Mar 2026, 06:17",https://www.irishtimes.com/business/2026/03/26/fuel-price-package-a-vital-support-or-a-sop-to-the-rich/,technology,"Fuel price package: a vital support or a sop to the rich? Business Today: The best news, analysis and comment from The Irish Times business desk",fuel price package vital support sop rich business today best news analysis comment irish times business desk
