Title,Description,Source,Date
The Grind celebrates 10 years of coffee success at Bathurst RSL,The Grind celebrates 10 years of coffee success at Bathurst RSLwesternadvocate.com.au,Western Advocate,2026-02-23T06:13:05Z
How can the White House release UFO files politics,"The administration announced plans to identify and release government records related to unidentified aerial phenomena and “extraterrestrial life,” but turning that pledge into public documents requires legal and procedural steps. What the White House can and…",Alltoc.com,2026-02-23T06:07:48Z
What caused the MaraLago shooting politics,"What happened and what investigators say Shortly after midnight, security personnel at the presidential resort encountered an unauthorized person who had breached the secure perimeter. Law enforcement officers say the individual was observed carrying what app…",Alltoc.com,2026-02-23T06:07:48Z
Congress goes on offensive after Bhupen Borahs exit launches statewide chargesheet against Himanta Govt,"Even as former APCC president Bhupen Kumar Borah walked out of the Congress, the Assam Pradesh Congress Committee (APCC) on Sunday hit back with an aggressive statewide campaign targeting Chief Minister Himanta Biswa Sarma and his government. The party has be…",Syllad.com,2026-02-23T06:01:31Z
Why the TV industry keeps falling in love with the Kennedys Americas answer to the royal family,"As Ryan Murphy takes on the story of JFK Jr and Carolyn Bessette, and Netflix plan an all-American successor to ‘The Crown’, Katie Rosseinsky explores the quasi-mythical appeal of the Kennedy family",The-independent.com,2026-02-23T06:00:00Z
Agency reckoning CIA purges politicized intel from Obama Biden era in sweeping corrective action,"The CIA has retracted or revised 19 intelligence reports from 2015-2023 for failing impartiality standards. The politicized reports covered topics like domestic extremism, LGBT issues and contraception, straying from core national security. This action follow…",Naturalnews.com,2026-02-23T06:00:00Z
Tamil Nadu assembly polls MMK to contest under DMK alliance seeks five seats,DMK leaders met with Manithaneya Makkal Katchi and Indian Union Muslim League for seat sharing. MMK requested five seats. Naam Tamilar Katchi announced all 234 candidates. AIADMK revealed five election promises. The Tamil Nadu Assembly elections are approachi…,The Times of India,2026-02-23T05:57:16Z
New report reframes modern power through a biblical lens in age of global turbulence,"At a time of global instability, questions about who holds power and how they use it have become increasingly urgent.",Christiantoday.com,2026-02-23T05:46:00Z
In age of global turbulence new report reframes power through a biblical lens,"At a time of global instability, questions about who holds power and how they use it have become increasingly urgent.",Christiantoday.com,2026-02-23T05:46:00Z
War of words in Kerala assembly over Sabarimala gold row,"Tensions escalated in the Kerala Assembly as the ruling LDF and opposition UDF clashed over the controversial Sabarimala gold loss. The UDF voiced their concerns over the arrest of Tantri Kandararu Rajeevaru, sparking heated debates. In response, ministers de…",The Times of India,2026-02-23T05:40:14Z
Decoding the AI beliefs of Anthropic and its CEO Dario Amodei,"Here is a guide to Anthropic, Amodei and the company’s AI philosophy.",The Indian Express,2026-02-23T05:38:44Z
Spat at and on call 247 for parttime wages Tipperary councillor shares realities of modern politics,"Local councillors are struggling to secure mortgages and support their families on what is technically a part-time wage for what many describe as a full-time role, according to the Tipperary native who is head of the councillors representative body.",Independent.ie,2026-02-23T05:30:00Z
Kim reelected to top post of North Koreas ruling party,The report suggests he will double down on accelerating a nuclear arsenal already equipped with missiles capable of threatening Asian U.S. allies and the American mainland.,KCRA Sacramento,2026-02-23T05:26:23Z
Dont cancel the pension scheme for cocoa farmers,"Ghana’s cocoa farmers built this nation. They financed our schools, our roads, our hospitals and our foreign reserves. Yet for decades, when age caught up with them, the system offered them nothing but goodwill and gratitude. That changed in 2020. The Cocoa F…",Thechronicle.com.gh,2026-02-23T05:11:43Z
Editorial Is Our Democracy Metamorphosing Into Moneycracy,"Ghana’s fourth republic, which was born in 1993, has so far been the most stable democracy the country has experienced after deadly post-independence military adventurisms. Since the inception of the Fourth Republic on January 7, 1993 Ghana has seen five dist…",Thechronicle.com.gh,2026-02-23T05:09:13Z
Israels Bombing decimated Gazas cultural sites as UNESCO responds Tepidly,"UNESCO’s failures have consequences beyond Gaza, as they weaken deterrence of attacks on heritage sites globally",Juancole.com,2026-02-23T05:06:47Z
Balen Shah unveils Jhapa5 pledge paper outlines sectorwise commitments,"JHAPA: Senior Rastriya Swatantra Party (RSP) leader Balen Shah has unveiled his election manifesto from Jhapa Constituency-5, naming it the “Jhapa-5 Pledge Paper”. Shah, who is contesting the federal parliamentary seat from the constituency, said the document…",Khabarhub.com,2026-02-23T04:45:52Z
WATCH Trump Calls USA Hockey Team Invites Them to SOTU After Winning Gold,"President Donald Trump called the U.S. men’s hockey team, and FBI Director Kash Patel joined them in the locker room to celebrate their win over Canada on Sunday.
The post WATCH: Trump Calls USA Hockey Team, Invites Them to SOTU After Winning Gold appeared fi…",Breitbart News,2026-02-23T04:14:05Z
I Swear One Battle After Another and Sinners dominate Baftas 2026,"Jessie Buckley, Ryan Coogler and Sean Penn all took home major prizes – but it was a British unknown who was the star of the evening",The-independent.com,2026-02-23T04:00:27Z
Airways New Zealand warns MPs on global poaching of air traffic controllers,"An aviation group says traffic controller, pilot and engineer shortages are all a problem.",New Zealand Herald,2026-02-23T04:00:00Z
Last Week Tonight with John Oliver S13E02 1080p WEB h264GRACE,"Season 13, Episode 02 –On Last Week Tonight with John Oliver, John Oliver presents a satirical look at the week in news, politics and current events. Links: HOMEPAGE – TVM",Rlsbb.to,2026-02-23T03:32:59Z
US assets in Middle East positioned for highly kinetic war exPentagon official warns,"U.S. launches major Middle East military buildup with overwhelming force capabilities against Iran as nuclear talks continue, former Pentagon official Dana Stroul said.",Fox News,2026-02-23T03:32:32Z
A Knight of the Seven Kingdoms season 1 Episode 6 recap and review The Morrow,"The tourney at Ashford Meadow has reached its somber end, and it's time for Dunk and Egg to set off on their next adventure.",Winter is Coming,2026-02-23T03:31:00Z
Miranda Devine Dems will roll out their perfect agent of subterfuge Abigail Spanberger in response to SOTU,"Abigail Spanberger, the new governor of Virginia who has been tapped to deliver the Democrats’ State of the Union reply Tuesday night, is the perfect avatar for her party’s deception.",New York Post,2026-02-23T03:28:41Z
Mayhem Rocks Mexico After Cartel Boss Is Killed,"“The Mexican government said it killed the nation’s most wanted cartel boss on Sunday, setting off a wave of fires and violence across the country as cartel operatives sought to exact revenge in an unsettling show of force,” the New York Times reports. “Nemes…",Politicalwire.com,2026-02-23T03:23:56Z
Who was Mukul Roy The architect of West Bengals changing political order,"Veteran politician Mukul Roy has passed away at the age of 71. Roy was a key figure in West Bengal politics, co-founding the Trinamool Congress and later joining the Bharatiya Janata Party. He served as Union Railway Minister. His political journey saw signif…",The Times of India,2026-02-23T03:19:58Z
What is driving the current USIran crisis and diplomacy world,Diplomatic talks amid a rising military posture Two parallel trends are defining the moment: an intensifying U.S. military presence in the Middle East and last‑ditch diplomatic efforts to prevent a wider confrontation. American negotiators and Iranian officia…,Alltoc.com,2026-02-23T03:14:05Z
Why is FBI Director Kash Patel criticized politics,"Questions about conduct, travel and use of resources Public scrutiny of the bureau’s leader intensified after photographs and video showed him celebrating with members of the U.S. men’s hockey team inside the team locker room following a gold‑medal win. The i…",Alltoc.com,2026-02-23T03:09:07Z
What led to the fatal shooting at MaraLago politics,Agents confronted an armed intruder inside secure perimeter Law enforcement officers shot and killed a man after he entered the secured grounds around the Palm Beach estate used by the former president. The U.S. Secret Service said officers observed the indiv…,Alltoc.com,2026-02-23T03:09:07Z
Hargreaves Lansdown turns Downing Street drama into biggest brand push yet,A cinematic campaign created by Wonderhood Studios positions the investment firm as a steady presence through four decades of political and economic shifts,Creative Review,2026-02-23T03:02:21Z
Forget Le Pen French politics has a new archvillain,The far-right National Rally wants to build a firewall around the hard-left France Unbowed after the killing of Quentin Deranque.,POLITICO.eu,2026-02-23T03:00:00Z
Ep 1378 High Agency Trading with Michael Covel on Trend Following Radio,"Please enjoy my monologue High Agency Trading with Michael Covel on Trend Following Radio. This episode may also include great outside guests from my archive. --- I'm MICHAEL COVEL, the host of TREND FOLLOWING RADIO, and I'm proud to have delivered 10+ millio…",Trendfollowingradio.com,2026-02-23T03:00:00Z
Greenland Denmark says no thanks to Trumps hospital ship offer,Denmark and its territory Greenland reject Donald Trump's offer to send a naval hospital ship to the Arctic island coveted by the US leader.,ABC News (AU),2026-02-23T02:55:47Z
Reform UK unveils plan to protect churches from being turned into mosques in bid to restore Britains Christian heritage,"A Reform government would move to give churches protected status to ensure they are not turned into mosques. The party’s new home affairs spokesman, Zia Yusuf, plans to “restore Britain’s Christian heritage” by enacting mass deportations of illegal migrants a…",Freerepublic.com,2026-02-23T02:52:40Z
Punch the Lonely Baby Monkey Has a New BFF and Its a Beautiful Thing,"It’s Sunday night after a big week in the news, and doubtless it will all crank up again Monday morning,...",Redstate.com,2026-02-23T02:49:54Z
FBI Director Kash Patel celebrates with US mens hockey team after Olympic win CNN Politics,"FBI Director Kash Patel celebrated with the US men’s hockey team in Milan after their historic gold medal win over Canada on Sunday, according to a video obtained by CNN.",CNN,2026-02-23T02:48:10Z
Reminiscing last week Democracy discipline and dialogue,"KATHMANDU: Last week in Nepal unfolded as a dense convergence of electoral regulation, manifesto politics, constitutional debate, governance reform, communal tension, and sporting disappointment. With the March 5 House of Representatives (HoR) election approa…",Khabarhub.com,2026-02-23T02:45:15Z
Democrats theft of Staten Islands House seat is a fresh blow to NYs economy,Lady Justice is no longer blind in the Empire State: She's a slave of the Democratic Party.,New York Post,2026-02-23T02:35:06Z
Inside the real jobs crisis Despite the jobs numbers structural worklessness is a problem,"After much talk of an economic slowdown, February brought reassuring headlines. The official unemployment rate had fallen as another 130,000 jobs were added to the US economy, according to the Bureau of Labor Statistics. That is good news, but it is not the w…",Freerepublic.com,2026-02-23T02:31:27Z
Aunty Pauline democracy and the fine line between truth and fear,We’ve been asked to broach the subject of Pauline Hanson. Now that’s a tough one. Because damned if we do. Damned if we don’t. How do you speak truth when half the country may jump down your throat? Where is the line between freedom of speech and hate speech?…,Starcommunity.com.au,2026-02-23T02:23:04Z
RussiaUkraine war List of key events day 1460,"These are the key developments from day 1,460 of Russia’s war on Ukraine.",Al Jazeera English,2026-02-23T02:02:59Z
Matthew Horncastle eyes Williams Corporation IPO and future in politics,Williams Corp's managing director builds a polarising online brand as IPO looms.,New Zealand Herald,2026-02-23T02:02:25Z
FReeper Canteen Hall of Heroes HMS Glowworm 23 February 2026,Our Troops Rock! Thank you for all you do! For the freedom you enjoyed yesterday... Thank the Veterans who served in The United States Armed Forces. Looking forward to tomorrow's freedom? Support The United States Armed Forces Today! ~ Hall of Heroes ~HMS Glo…,Freerepublic.com,2026-02-23T02:00:55Z
Kim reelected to top post of North Koreas ruling party,"North Korean leader Kim Jong Un has been reelected to the top post of the ruling Workers’ Party, with delegates crediting him for bolstering the country’s nuclear arsenal and strengthening its regional standing",Abcnews.com,2026-02-23T01:57:36Z
Beyond ballot Why Nepals elections alone cannot deliver stability,"Ballots alone in Nepal alone cannot resolve the country’s deeper crises. Political paralysis has slowed decision-making and undermined public trust, while governance failures leave citizens frustrated with services and accountability. At the same time, millio…",Khabarhub.com,2026-02-23T01:45:12Z
California Democrats preach affordability at convention after raising costs,It was fitting that the California Democratic Party gathered in San Francisco to talk about “affordability.” They created the problem.,New York Post,2026-02-23T01:44:55Z
Debanking JPMorgan Admits Closing Trump Accounts After Jan 6,"A growing legal battle between President Donald Trump and one of America’s most powerful financial institutions is putting a spotlight on a controversial issue that could affect businesses, investors, and everyday Americans alike: debanking. JPMorgan Chase ha…",Freerepublic.com,2026-02-23T01:40:26Z
Just A Few Scary Tragic And Awful Things I Learned This Week,"Lucy Harrison was visiting her father, Kris Harrison, when he fatally shot her in the chest following a huge argument about politics (specifically, Trump) and guns.View Entire Post ›",Buzzfeed,2026-02-23T01:31:02Z
Pulled the number out of his arse Crikey readers respond to the CFMEU corruption crisis,"Plus, is the support for One Nation just the result of 'protest poll' answers?
The post ‘Pulled the number out of his arse’: Crikey readers respond to the CFMEU corruption crisis appeared first on Crikey.",Crikey,2026-02-23T01:26:32Z
DHS Blames Democrats For ShutdownForced Disaster Aid Restrictions,"DHS announced Sunday it was working to conserve ""funds and personnel"" to avoid risks to national security and public safety during a lapse in federal funding.",The Daily Caller,2026-02-23T01:19:41Z
Kim Jong Un reelected to top post of North Koreas ruling party as it hails his nuclear buildup,North Korean leader Kim Jong Un has been reelected as the top official of the ruling Workers' Party. Delegates credited him for strengthening the nation's nuclear capabilities and its position in the region. This move signals a continued focus on military dev…,The Times of India,2026-02-23T01:03:51Z
10 More Fantasy Books That Are Indisputable 1010 Masterpieces,"Image via HarperCollins

There are many incredible fantasy books that aren’t 10/10 releases, but the masterpieces that do achieve near-perfection are some of the best the genre has to offer. These 10/10 fantasy novels strike an ideal balance; they nail their …",ComicBook.com,2026-02-23T01:00:00Z
Iran unrest escalates as gunfire tear gas hit universities amid looming US strike,"Tehran and Mashhad universities saw anti-government protests Sunday, with students chanting against Ali Khamenei as security forces reportedly used tear gas.",Fox News,2026-02-23T00:51:51Z
Polands Military BuildUp Might Have Ultimately Been for Nothing,"The Washington Post published an insightful piece in late January about how “Poland built the E.U.’s biggest army, but the threat has changed”, which persuasively argues that the central role of drones in the Ukrainian Conflict has prompted …
The post Poland’…",Globalresearch.ca,2026-02-23T00:48:06Z
HR Employee Was Constantly Talked Down To By A Toxic Manager So When She Landed A New Job Her Departure Forced The Boss To Cancel Her Vacation,Sometimes the exit interview practically writes itself!,Twistedsifter.com,2026-02-23T00:35:04Z
CSPAN Sets Record Straight After Viral Clip Had Viewers Believing Donald Trump Called In With A Fake Name,We finally have some answers.,CinemaBlend,2026-02-23T00:32:43Z
Global Market Global cash is fuelling LatAm stock rally,"Latin American stocks are experiencing their strongest investor inflow in a decade, propelling markets in Brazil, Colombia, and Mexico to multi-year highs. This surge, driven by anticipation of policy shifts and potential interest rate cuts ahead of president…",The Times of India,2026-02-23T00:32:19Z
Do You Have ID For that Shovel,"New York City is expecting something like two feet of snow, and the city’s government, led by socialist/Communist Zohran Mamdani, is encouraging able-bodied New Yorkers to help shovel the city out after the storm. But only, of course, if they have proper iden…",Freerepublic.com,2026-02-23T00:15:19Z
Gothic Visual Novel Mystery Game Runt Gets a Free Demo,Indie game developer Grimtaste Studios and publisher DreadXP dropped a new demo this week for their upcoming rural gothic visual novel mystery game Runt. The demo will give you a chance to experience a bit of the opening story without getting into spoiler ter…,Bleeding Cool News,2026-02-23T00:12:07Z
Malinauskas faces a landslide win in SA But cracks are appearing in his goodtime agenda,"The commercialisation of SA's prized public land, and the lack of transparency over significant deals with long-term implications, suggest an arrogance that may yet prove detrimental to the premier's reputation.
The post Malinauskas faces a landslide win in S…",Crikey,2026-02-23T00:08:26Z
