Title,Description,Source,Date,full_text,cleaned_text,processed_text,sentiment
The Grind celebrates 10 years of coffee success at Bathurst RSL,The Grind celebrates 10 years of coffee success at Bathurst RSLwesternadvocate.com.au,Western Advocate,2026-02-23T06:13:05Z,The Grind celebrates 10 years of coffee success at Bathurst RSL The Grind celebrates 10 years of coffee success at Bathurst RSLwesternadvocate.com.au,the grind celebrates years of coffee success at bathurst rsl the grind celebrates years of coffee success at bathurst rslwesternadvocatecomau,grind celebrates years coffee success bathurst rsl grind celebrates years coffee success bathurst rslwesternadvocatecomau,Positive
How can the White House release UFO files politics,"The administration announced plans to identify and release government records related to unidentified aerial phenomena and “extraterrestrial life,” but turning that pledge into public documents requires legal and procedural steps. What the White House can and…",Alltoc.com,2026-02-23T06:07:48Z,"How can the White House release UFO files politics The administration announced plans to identify and release government records related to unidentified aerial phenomena and “extraterrestrial life,” but turning that pledge into public documents requires legal and procedural steps. What the White House can and…",how can the white house release ufo files politics the administration announced plans to identify and release government records related to unidentified aerial phenomena and extraterrestrial life but turning that pledge into public documents requires legal and procedural steps what the white house can and,white house release ufo files politics administration announced plans identify release government records related unidentified aerial phenomena extraterrestrial life turning pledge public documents requires legal procedural steps white house,Positive
What caused the MaraLago shooting politics,"What happened and what investigators say Shortly after midnight, security personnel at the presidential resort encountered an unauthorized person who had breached the secure perimeter. Law enforcement officers say the individual was observed carrying what app…",Alltoc.com,2026-02-23T06:07:48Z,"What caused the MaraLago shooting politics What happened and what investigators say Shortly after midnight, security personnel at the presidential resort encountered an unauthorized person who had breached the secure perimeter. Law enforcement officers say the individual was observed carrying what app…",what caused the maralago shooting politics what happened and what investigators say shortly after midnight security personnel at the presidential resort encountered an unauthorized person who had breached the secure perimeter law enforcement officers say the individual was observed carrying what app,caused maralago shooting politics happened investigators say shortly midnight security personnel presidential resort encountered unauthorized person breached secure perimeter law enforcement officers say individual observed carrying app,Positive
Congress goes on offensive after Bhupen Borahs exit launches statewide chargesheet against Himanta Govt,"Even as former APCC president Bhupen Kumar Borah walked out of the Congress, the Assam Pradesh Congress Committee (APCC) on Sunday hit back with an aggressive statewide campaign targeting Chief Minister Himanta Biswa Sarma and his government. The party has be…",Syllad.com,2026-02-23T06:01:31Z,"Congress goes on offensive after Bhupen Borahs exit launches statewide chargesheet against Himanta Govt Even as former APCC president Bhupen Kumar Borah walked out of the Congress, the Assam Pradesh Congress Committee (APCC) on Sunday hit back with an aggressive statewide campaign targeting Chief Minister Himanta Biswa Sarma and his government. The party has be…",congress goes on offensive after bhupen borahs exit launches statewide chargesheet against himanta govt even as former apcc president bhupen kumar borah walked out of the congress the assam pradesh congress committee apcc on sunday hit back with an aggressive statewide campaign targeting chief minister himanta biswa sarma and his government the party has be,congress goes offensive bhupen borahs exit launches statewide chargesheet himanta govt even former apcc president bhupen kumar borah walked congress assam pradesh congress committee apcc sunday hit back aggressive statewide campaign targeting chief minister himanta biswa sarma government party,Neutral
Why the TV industry keeps falling in love with the Kennedys Americas answer to the royal family,"As Ryan Murphy takes on the story of JFK Jr and Carolyn Bessette, and Netflix plan an all-American successor to ‘The Crown’, Katie Rosseinsky explores the quasi-mythical appeal of the Kennedy family",The-independent.com,2026-02-23T06:00:00Z,"Why the TV industry keeps falling in love with the Kennedys Americas answer to the royal family As Ryan Murphy takes on the story of JFK Jr and Carolyn Bessette, and Netflix plan an all-American successor to ‘The Crown’, Katie Rosseinsky explores the quasi-mythical appeal of the Kennedy family",why the tv industry keeps falling in love with the kennedys americas answer to the royal family as ryan murphy takes on the story of jfk jr and carolyn bessette and netflix plan an allamerican successor to the crown katie rosseinsky explores the quasimythical appeal of the kennedy family,industry keeps falling love kennedys americas answer royal family ryan murphy takes story jfk carolyn bessette netflix plan allamerican successor crown katie rosseinsky explores quasimythical appeal kennedy family,Positive
Agency reckoning CIA purges politicized intel from Obama Biden era in sweeping corrective action,"The CIA has retracted or revised 19 intelligence reports from 2015-2023 for failing impartiality standards. The politicized reports covered topics like domestic extremism, LGBT issues and contraception, straying from core national security. This action follow…",Naturalnews.com,2026-02-23T06:00:00Z,"Agency reckoning CIA purges politicized intel from Obama Biden era in sweeping corrective action The CIA has retracted or revised 19 intelligence reports from 2015-2023 for failing impartiality standards. The politicized reports covered topics like domestic extremism, LGBT issues and contraception, straying from core national security. This action follow…",agency reckoning cia purges politicized intel from obama biden era in sweeping corrective action the cia has retracted or revised intelligence reports from for failing impartiality standards the politicized reports covered topics like domestic extremism lgbt issues and contraception straying from core national security this action follow,agency reckoning cia purges politicized intel obama biden era sweeping corrective action cia retracted revised intelligence reports failing impartiality standards politicized reports covered topics like domestic extremism lgbt issues contraception straying core national security action follow,Positive
Tamil Nadu assembly polls MMK to contest under DMK alliance seeks five seats,DMK leaders met with Manithaneya Makkal Katchi and Indian Union Muslim League for seat sharing. MMK requested five seats. Naam Tamilar Katchi announced all 234 candidates. AIADMK revealed five election promises. The Tamil Nadu Assembly elections are approachi…,The Times of India,2026-02-23T05:57:16Z,Tamil Nadu assembly polls MMK to contest under DMK alliance seeks five seats DMK leaders met with Manithaneya Makkal Katchi and Indian Union Muslim League for seat sharing. MMK requested five seats. Naam Tamilar Katchi announced all 234 candidates. AIADMK revealed five election promises. The Tamil Nadu Assembly elections are approachi…,tamil nadu assembly polls mmk to contest under dmk alliance seeks five seats dmk leaders met with manithaneya makkal katchi and indian union muslim league for seat sharing mmk requested five seats naam tamilar katchi announced all candidates aiadmk revealed five election promises the tamil nadu assembly elections are approachi,tamil nadu assembly polls mmk contest dmk alliance seeks five seats dmk leaders met manithaneya makkal katchi indian union muslim league seat sharing mmk requested five seats naam tamilar katchi announced candidates aiadmk revealed five election promises tamil nadu assembly elections approachi,Neutral
New report reframes modern power through a biblical lens in age of global turbulence,"At a time of global instability, questions about who holds power and how they use it have become increasingly urgent.",Christiantoday.com,2026-02-23T05:46:00Z,"New report reframes modern power through a biblical lens in age of global turbulence At a time of global instability, questions about who holds power and how they use it have become increasingly urgent.",new report reframes modern power through a biblical lens in age of global turbulence at a time of global instability questions about who holds power and how they use it have become increasingly urgent,new report reframes modern power biblical lens age global turbulence time global instability questions holds power use become increasingly urgent,Positive
In age of global turbulence new report reframes power through a biblical lens,"At a time of global instability, questions about who holds power and how they use it have become increasingly urgent.",Christiantoday.com,2026-02-23T05:46:00Z,"In age of global turbulence new report reframes power through a biblical lens At a time of global instability, questions about who holds power and how they use it have become increasingly urgent.",in age of global turbulence new report reframes power through a biblical lens at a time of global instability questions about who holds power and how they use it have become increasingly urgent,age global turbulence new report reframes power biblical lens time global instability questions holds power use become increasingly urgent,Positive
War of words in Kerala assembly over Sabarimala gold row,"Tensions escalated in the Kerala Assembly as the ruling LDF and opposition UDF clashed over the controversial Sabarimala gold loss. The UDF voiced their concerns over the arrest of Tantri Kandararu Rajeevaru, sparking heated debates. In response, ministers de…",The Times of India,2026-02-23T05:40:14Z,"War of words in Kerala assembly over Sabarimala gold row Tensions escalated in the Kerala Assembly as the ruling LDF and opposition UDF clashed over the controversial Sabarimala gold loss. The UDF voiced their concerns over the arrest of Tantri Kandararu Rajeevaru, sparking heated debates. In response, ministers de…",war of words in kerala assembly over sabarimala gold row tensions escalated in the kerala assembly as the ruling ldf and opposition udf clashed over the controversial sabarimala gold loss the udf voiced their concerns over the arrest of tantri kandararu rajeevaru sparking heated debates in response ministers de,war words kerala assembly sabarimala gold row tensions escalated kerala assembly ruling ldf opposition udf clashed controversial sabarimala gold loss udf voiced concerns arrest tantri kandararu rajeevaru sparking heated debates response ministers,Positive
Decoding the AI beliefs of Anthropic and its CEO Dario Amodei,"Here is a guide to Anthropic, Amodei and the company’s AI philosophy.",The Indian Express,2026-02-23T05:38:44Z,"Decoding the AI beliefs of Anthropic and its CEO Dario Amodei Here is a guide to Anthropic, Amodei and the company’s AI philosophy.",decoding the ai beliefs of anthropic and its ceo dario amodei here is a guide to anthropic amodei and the companys ai philosophy,decoding beliefs anthropic ceo dario amodei guide anthropic amodei companys philosophy,Neutral
Spat at and on call 247 for parttime wages Tipperary councillor shares realities of modern politics,"Local councillors are struggling to secure mortgages and support their families on what is technically a part-time wage for what many describe as a full-time role, according to the Tipperary native who is head of the councillors representative body.",Independent.ie,2026-02-23T05:30:00Z,"Spat at and on call 247 for parttime wages Tipperary councillor shares realities of modern politics Local councillors are struggling to secure mortgages and support their families on what is technically a part-time wage for what many describe as a full-time role, according to the Tipperary native who is head of the councillors representative body.",spat at and on call for parttime wages tipperary councillor shares realities of modern politics local councillors are struggling to secure mortgages and support their families on what is technically a parttime wage for what many describe as a fulltime role according to the tipperary native who is head of the councillors representative body,spat call parttime wages tipperary councillor shares realities modern politics local councillors struggling secure mortgages support families technically parttime wage many describe fulltime role according tipperary native head councillors representative body,Positive
Kim reelected to top post of North Koreas ruling party,The report suggests he will double down on accelerating a nuclear arsenal already equipped with missiles capable of threatening Asian U.S. allies and the American mainland.,KCRA Sacramento,2026-02-23T05:26:23Z,Kim reelected to top post of North Koreas ruling party The report suggests he will double down on accelerating a nuclear arsenal already equipped with missiles capable of threatening Asian U.S. allies and the American mainland.,kim reelected to top post of north koreas ruling party the report suggests he will double down on accelerating a nuclear arsenal already equipped with missiles capable of threatening asian us allies and the american mainland,kim reelected top post north koreas ruling party report suggests double accelerating nuclear arsenal already equipped missiles capable threatening asian allies american mainland,Positive
Dont cancel the pension scheme for cocoa farmers,"Ghana’s cocoa farmers built this nation. They financed our schools, our roads, our hospitals and our foreign reserves. Yet for decades, when age caught up with them, the system offered them nothing but goodwill and gratitude. That changed in 2020. The Cocoa F…",Thechronicle.com.gh,2026-02-23T05:11:43Z,"Dont cancel the pension scheme for cocoa farmers Ghana’s cocoa farmers built this nation. They financed our schools, our roads, our hospitals and our foreign reserves. Yet for decades, when age caught up with them, the system offered them nothing but goodwill and gratitude. That changed in 2020. The Cocoa F…",dont cancel the pension scheme for cocoa farmers ghanas cocoa farmers built this nation they financed our schools our roads our hospitals and our foreign reserves yet for decades when age caught up with them the system offered them nothing but goodwill and gratitude that changed in the cocoa f,dont cancel pension scheme cocoa farmers ghanas cocoa farmers built nation financed schools roads hospitals foreign reserves yet decades age caught system offered nothing goodwill gratitude changed cocoa,Negative
Editorial Is Our Democracy Metamorphosing Into Moneycracy,"Ghana’s fourth republic, which was born in 1993, has so far been the most stable democracy the country has experienced after deadly post-independence military adventurisms. Since the inception of the Fourth Republic on January 7, 1993 Ghana has seen five dist…",Thechronicle.com.gh,2026-02-23T05:09:13Z,"Editorial Is Our Democracy Metamorphosing Into Moneycracy Ghana’s fourth republic, which was born in 1993, has so far been the most stable democracy the country has experienced after deadly post-independence military adventurisms. Since the inception of the Fourth Republic on January 7, 1993 Ghana has seen five dist…",editorial is our democracy metamorphosing into moneycracy ghanas fourth republic which was born in has so far been the most stable democracy the country has experienced after deadly postindependence military adventurisms since the inception of the fourth republic on january ghana has seen five dist,editorial democracy metamorphosing moneycracy ghanas fourth republic born far stable democracy country experienced deadly postindependence military adventurisms since inception fourth republic january ghana seen five dist,Positive
Israels Bombing decimated Gazas cultural sites as UNESCO responds Tepidly,"UNESCO’s failures have consequences beyond Gaza, as they weaken deterrence of attacks on heritage sites globally",Juancole.com,2026-02-23T05:06:47Z,"Israels Bombing decimated Gazas cultural sites as UNESCO responds Tepidly UNESCO’s failures have consequences beyond Gaza, as they weaken deterrence of attacks on heritage sites globally",israels bombing decimated gazas cultural sites as unesco responds tepidly unescos failures have consequences beyond gaza as they weaken deterrence of attacks on heritage sites globally,israels bombing decimated gazas cultural sites unesco responds tepidly unescos failures consequences beyond gaza weaken deterrence attacks heritage sites globally,Positive
Balen Shah unveils Jhapa5 pledge paper outlines sectorwise commitments,"JHAPA: Senior Rastriya Swatantra Party (RSP) leader Balen Shah has unveiled his election manifesto from Jhapa Constituency-5, naming it the “Jhapa-5 Pledge Paper”. Shah, who is contesting the federal parliamentary seat from the constituency, said the document…",Khabarhub.com,2026-02-23T04:45:52Z,"Balen Shah unveils Jhapa5 pledge paper outlines sectorwise commitments JHAPA: Senior Rastriya Swatantra Party (RSP) leader Balen Shah has unveiled his election manifesto from Jhapa Constituency-5, naming it the “Jhapa-5 Pledge Paper”. Shah, who is contesting the federal parliamentary seat from the constituency, said the document…",balen shah unveils jhapa pledge paper outlines sectorwise commitments jhapa senior rastriya swatantra party rsp leader balen shah has unveiled his election manifesto from jhapa constituency naming it the jhapa pledge paper shah who is contesting the federal parliamentary seat from the constituency said the document,balen shah unveils jhapa pledge paper outlines sectorwise commitments jhapa senior rastriya swatantra party rsp leader balen shah unveiled election manifesto jhapa constituency naming jhapa pledge paper shah contesting federal parliamentary seat constituency said document,Neutral
WATCH Trump Calls USA Hockey Team Invites Them to SOTU After Winning Gold,"President Donald Trump called the U.S. men’s hockey team, and FBI Director Kash Patel joined them in the locker room to celebrate their win over Canada on Sunday.
The post WATCH: Trump Calls USA Hockey Team, Invites Them to SOTU After Winning Gold appeared fi…",Breitbart News,2026-02-23T04:14:05Z,"WATCH Trump Calls USA Hockey Team Invites Them to SOTU After Winning Gold President Donald Trump called the U.S. men’s hockey team, and FBI Director Kash Patel joined them in the locker room to celebrate their win over Canada on Sunday.
The post WATCH: Trump Calls USA Hockey Team, Invites Them to SOTU After Winning Gold appeared fi…",watch trump calls usa hockey team invites them to sotu after winning gold president donald trump called the us mens hockey team and fbi director kash patel joined them in the locker room to celebrate their win over canada on sunday the post watch trump calls usa hockey team invites them to sotu after winning gold appeared fi,watch trump calls usa hockey team invites sotu winning gold president donald trump called mens hockey team fbi director kash patel joined locker room celebrate win canada sunday post watch trump calls usa hockey team invites sotu winning gold appeared,Positive
I Swear One Battle After Another and Sinners dominate Baftas 2026,"Jessie Buckley, Ryan Coogler and Sean Penn all took home major prizes – but it was a British unknown who was the star of the evening",The-independent.com,2026-02-23T04:00:27Z,"I Swear One Battle After Another and Sinners dominate Baftas 2026 Jessie Buckley, Ryan Coogler and Sean Penn all took home major prizes – but it was a British unknown who was the star of the evening",i swear one battle after another and sinners dominate baftas jessie buckley ryan coogler and sean penn all took home major prizes but it was a british unknown who was the star of the evening,swear one battle another sinners dominate baftas jessie buckley ryan coogler sean penn took home major prizes british unknown star evening,Negative
Airways New Zealand warns MPs on global poaching of air traffic controllers,"An aviation group says traffic controller, pilot and engineer shortages are all a problem.",New Zealand Herald,2026-02-23T04:00:00Z,"Airways New Zealand warns MPs on global poaching of air traffic controllers An aviation group says traffic controller, pilot and engineer shortages are all a problem.",airways new zealand warns mps on global poaching of air traffic controllers an aviation group says traffic controller pilot and engineer shortages are all a problem,airways new zealand warns mps global poaching air traffic controllers aviation group says traffic controller pilot engineer shortages problem,Positive
Last Week Tonight with John Oliver S13E02 1080p WEB h264GRACE,"Season 13, Episode 02 –On Last Week Tonight with John Oliver, John Oliver presents a satirical look at the week in news, politics and current events. Links: HOMEPAGE – TVM",Rlsbb.to,2026-02-23T03:32:59Z,"Last Week Tonight with John Oliver S13E02 1080p WEB h264GRACE Season 13, Episode 02 –On Last Week Tonight with John Oliver, John Oliver presents a satirical look at the week in news, politics and current events. Links: HOMEPAGE – TVM",last week tonight with john oliver se p web hgrace season episode on last week tonight with john oliver john oliver presents a satirical look at the week in news politics and current events links homepage tvm,last week tonight john oliver web hgrace season episode last week tonight john oliver john oliver presents satirical look week news politics current events links homepage tvm,Neutral
US assets in Middle East positioned for highly kinetic war exPentagon official warns,"U.S. launches major Middle East military buildup with overwhelming force capabilities against Iran as nuclear talks continue, former Pentagon official Dana Stroul said.",Fox News,2026-02-23T03:32:32Z,"US assets in Middle East positioned for highly kinetic war exPentagon official warns U.S. launches major Middle East military buildup with overwhelming force capabilities against Iran as nuclear talks continue, former Pentagon official Dana Stroul said.",us assets in middle east positioned for highly kinetic war expentagon official warns us launches major middle east military buildup with overwhelming force capabilities against iran as nuclear talks continue former pentagon official dana stroul said,assets middle east positioned highly kinetic war expentagon official warns launches major middle east military buildup overwhelming force capabilities iran nuclear talks continue former pentagon official dana stroul said,Positive
A Knight of the Seven Kingdoms season 1 Episode 6 recap and review The Morrow,"The tourney at Ashford Meadow has reached its somber end, and it's time for Dunk and Egg to set off on their next adventure.",Winter is Coming,2026-02-23T03:31:00Z,"A Knight of the Seven Kingdoms season 1 Episode 6 recap and review The Morrow The tourney at Ashford Meadow has reached its somber end, and it's time for Dunk and Egg to set off on their next adventure.",a knight of the seven kingdoms season episode recap and review the morrow the tourney at ashford meadow has reached its somber end and its time for dunk and egg to set off on their next adventure,knight seven kingdoms season episode recap review morrow tourney ashford meadow reached somber end time dunk egg set next adventure,Neutral
Miranda Devine Dems will roll out their perfect agent of subterfuge Abigail Spanberger in response to SOTU,"Abigail Spanberger, the new governor of Virginia who has been tapped to deliver the Democrats’ State of the Union reply Tuesday night, is the perfect avatar for her party’s deception.",New York Post,2026-02-23T03:28:41Z,"Miranda Devine Dems will roll out their perfect agent of subterfuge Abigail Spanberger in response to SOTU Abigail Spanberger, the new governor of Virginia who has been tapped to deliver the Democrats’ State of the Union reply Tuesday night, is the perfect avatar for her party’s deception.",miranda devine dems will roll out their perfect agent of subterfuge abigail spanberger in response to sotu abigail spanberger the new governor of virginia who has been tapped to deliver the democrats state of the union reply tuesday night is the perfect avatar for her partys deception,miranda devine dems roll perfect agent subterfuge abigail spanberger response sotu abigail spanberger new governor virginia tapped deliver democrats state union reply tuesday night perfect avatar partys deception,Positive
Mayhem Rocks Mexico After Cartel Boss Is Killed,"“The Mexican government said it killed the nation’s most wanted cartel boss on Sunday, setting off a wave of fires and violence across the country as cartel operatives sought to exact revenge in an unsettling show of force,” the New York Times reports. “Nemes…",Politicalwire.com,2026-02-23T03:23:56Z,"Mayhem Rocks Mexico After Cartel Boss Is Killed “The Mexican government said it killed the nation’s most wanted cartel boss on Sunday, setting off a wave of fires and violence across the country as cartel operatives sought to exact revenge in an unsettling show of force,” the New York Times reports. “Nemes…",mayhem rocks mexico after cartel boss is killed the mexican government said it killed the nations most wanted cartel boss on sunday setting off a wave of fires and violence across the country as cartel operatives sought to exact revenge in an unsettling show of force the new york times reports nemes,mayhem rocks mexico cartel boss killed mexican government said killed nations wanted cartel boss sunday setting wave fires violence across country cartel operatives sought exact revenge unsettling show force new york times reports nemes,Negative
Who was Mukul Roy The architect of West Bengals changing political order,"Veteran politician Mukul Roy has passed away at the age of 71. Roy was a key figure in West Bengal politics, co-founding the Trinamool Congress and later joining the Bharatiya Janata Party. He served as Union Railway Minister. His political journey saw signif…",The Times of India,2026-02-23T03:19:58Z,"Who was Mukul Roy The architect of West Bengals changing political order Veteran politician Mukul Roy has passed away at the age of 71. Roy was a key figure in West Bengal politics, co-founding the Trinamool Congress and later joining the Bharatiya Janata Party. He served as Union Railway Minister. His political journey saw signif…",who was mukul roy the architect of west bengals changing political order veteran politician mukul roy has passed away at the age of roy was a key figure in west bengal politics cofounding the trinamool congress and later joining the bharatiya janata party he served as union railway minister his political journey saw signif,mukul roy architect west bengals changing political order veteran politician mukul roy passed away age roy key figure west bengal politics cofounding trinamool congress later joining bharatiya janata party served union railway minister political journey saw signif,Neutral
What is driving the current USIran crisis and diplomacy world,Diplomatic talks amid a rising military posture Two parallel trends are defining the moment: an intensifying U.S. military presence in the Middle East and last‑ditch diplomatic efforts to prevent a wider confrontation. American negotiators and Iranian officia…,Alltoc.com,2026-02-23T03:14:05Z,What is driving the current USIran crisis and diplomacy world Diplomatic talks amid a rising military posture Two parallel trends are defining the moment: an intensifying U.S. military presence in the Middle East and last‑ditch diplomatic efforts to prevent a wider confrontation. American negotiators and Iranian officia…,what is driving the current usiran crisis and diplomacy world diplomatic talks amid a rising military posture two parallel trends are defining the moment an intensifying us military presence in the middle east and lastditch diplomatic efforts to prevent a wider confrontation american negotiators and iranian officia,driving current usiran crisis diplomacy world diplomatic talks amid rising military posture two parallel trends defining moment intensifying military presence middle east lastditch diplomatic efforts prevent wider confrontation american negotiators iranian officia,Negative
Why is FBI Director Kash Patel criticized politics,"Questions about conduct, travel and use of resources Public scrutiny of the bureau’s leader intensified after photographs and video showed him celebrating with members of the U.S. men’s hockey team inside the team locker room following a gold‑medal win. The i…",Alltoc.com,2026-02-23T03:09:07Z,"Why is FBI Director Kash Patel criticized politics Questions about conduct, travel and use of resources Public scrutiny of the bureau’s leader intensified after photographs and video showed him celebrating with members of the U.S. men’s hockey team inside the team locker room following a gold‑medal win. The i…",why is fbi director kash patel criticized politics questions about conduct travel and use of resources public scrutiny of the bureaus leader intensified after photographs and video showed him celebrating with members of the us mens hockey team inside the team locker room following a goldmedal win the i,fbi director kash patel criticized politics questions conduct travel use resources public scrutiny bureaus leader intensified photographs video showed celebrating members mens hockey team inside team locker room following goldmedal win,Positive
What led to the fatal shooting at MaraLago politics,Agents confronted an armed intruder inside secure perimeter Law enforcement officers shot and killed a man after he entered the secured grounds around the Palm Beach estate used by the former president. The U.S. Secret Service said officers observed the indiv…,Alltoc.com,2026-02-23T03:09:07Z,What led to the fatal shooting at MaraLago politics Agents confronted an armed intruder inside secure perimeter Law enforcement officers shot and killed a man after he entered the secured grounds around the Palm Beach estate used by the former president. The U.S. Secret Service said officers observed the indiv…,what led to the fatal shooting at maralago politics agents confronted an armed intruder inside secure perimeter law enforcement officers shot and killed a man after he entered the secured grounds around the palm beach estate used by the former president the us secret service said officers observed the indiv,led fatal shooting maralago politics agents confronted armed intruder inside secure perimeter law enforcement officers shot killed man entered secured grounds around palm beach estate used former president secret service said officers observed indiv,Negative
Hargreaves Lansdown turns Downing Street drama into biggest brand push yet,A cinematic campaign created by Wonderhood Studios positions the investment firm as a steady presence through four decades of political and economic shifts,Creative Review,2026-02-23T03:02:21Z,Hargreaves Lansdown turns Downing Street drama into biggest brand push yet A cinematic campaign created by Wonderhood Studios positions the investment firm as a steady presence through four decades of political and economic shifts,hargreaves lansdown turns downing street drama into biggest brand push yet a cinematic campaign created by wonderhood studios positions the investment firm as a steady presence through four decades of political and economic shifts,hargreaves lansdown turns downing street drama biggest brand push yet cinematic campaign created wonderhood studios positions investment firm steady presence four decades political economic shifts,Positive
Forget Le Pen French politics has a new archvillain,The far-right National Rally wants to build a firewall around the hard-left France Unbowed after the killing of Quentin Deranque.,POLITICO.eu,2026-02-23T03:00:00Z,Forget Le Pen French politics has a new archvillain The far-right National Rally wants to build a firewall around the hard-left France Unbowed after the killing of Quentin Deranque.,forget le pen french politics has a new archvillain the farright national rally wants to build a firewall around the hardleft france unbowed after the killing of quentin deranque,forget pen french politics new archvillain farright national rally wants build firewall around hardleft france unbowed killing quentin deranque,Positive
Ep 1378 High Agency Trading with Michael Covel on Trend Following Radio,"Please enjoy my monologue High Agency Trading with Michael Covel on Trend Following Radio. This episode may also include great outside guests from my archive. --- I'm MICHAEL COVEL, the host of TREND FOLLOWING RADIO, and I'm proud to have delivered 10+ millio…",Trendfollowingradio.com,2026-02-23T03:00:00Z,"Ep 1378 High Agency Trading with Michael Covel on Trend Following Radio Please enjoy my monologue High Agency Trading with Michael Covel on Trend Following Radio. This episode may also include great outside guests from my archive. --- I'm MICHAEL COVEL, the host of TREND FOLLOWING RADIO, and I'm proud to have delivered 10+ millio…",ep high agency trading with michael covel on trend following radio please enjoy my monologue high agency trading with michael covel on trend following radio this episode may also include great outside guests from my archive im michael covel the host of trend following radio and im proud to have delivered millio,high agency trading michael covel trend following radio please enjoy monologue high agency trading michael covel trend following radio episode may also include great outside guests archive michael covel host trend following radio proud delivered millio,Positive
Greenland Denmark says no thanks to Trumps hospital ship offer,Denmark and its territory Greenland reject Donald Trump's offer to send a naval hospital ship to the Arctic island coveted by the US leader.,ABC News (AU),2026-02-23T02:55:47Z,Greenland Denmark says no thanks to Trumps hospital ship offer Denmark and its territory Greenland reject Donald Trump's offer to send a naval hospital ship to the Arctic island coveted by the US leader.,greenland denmark says no thanks to trumps hospital ship offer denmark and its territory greenland reject donald trumps offer to send a naval hospital ship to the arctic island coveted by the us leader,greenland denmark says thanks trumps hospital ship offer denmark territory greenland reject donald trumps offer send naval hospital ship arctic island coveted leader,Positive
Reform UK unveils plan to protect churches from being turned into mosques in bid to restore Britains Christian heritage,"A Reform government would move to give churches protected status to ensure they are not turned into mosques. The party’s new home affairs spokesman, Zia Yusuf, plans to “restore Britain’s Christian heritage” by enacting mass deportations of illegal migrants a…",Freerepublic.com,2026-02-23T02:52:40Z,"Reform UK unveils plan to protect churches from being turned into mosques in bid to restore Britains Christian heritage A Reform government would move to give churches protected status to ensure they are not turned into mosques. The party’s new home affairs spokesman, Zia Yusuf, plans to “restore Britain’s Christian heritage” by enacting mass deportations of illegal migrants a…",reform uk unveils plan to protect churches from being turned into mosques in bid to restore britains christian heritage a reform government would move to give churches protected status to ensure they are not turned into mosques the partys new home affairs spokesman zia yusuf plans to restore britains christian heritage by enacting mass deportations of illegal migrants a,reform unveils plan protect churches turned mosques bid restore britains christian heritage reform government would move give churches protected status ensure turned mosques partys new home affairs spokesman zia yusuf plans restore britains christian heritage enacting mass deportations illegal migrants,Negative
Punch the Lonely Baby Monkey Has a New BFF and Its a Beautiful Thing,"It’s Sunday night after a big week in the news, and doubtless it will all crank up again Monday morning,...",Redstate.com,2026-02-23T02:49:54Z,"Punch the Lonely Baby Monkey Has a New BFF and Its a Beautiful Thing It’s Sunday night after a big week in the news, and doubtless it will all crank up again Monday morning,...",punch the lonely baby monkey has a new bff and its a beautiful thing its sunday night after a big week in the news and doubtless it will all crank up again monday morning,punch lonely baby monkey new bff beautiful thing sunday night big week news doubtless crank monday morning,Positive
FBI Director Kash Patel celebrates with US mens hockey team after Olympic win CNN Politics,"FBI Director Kash Patel celebrated with the US men’s hockey team in Milan after their historic gold medal win over Canada on Sunday, according to a video obtained by CNN.",CNN,2026-02-23T02:48:10Z,"FBI Director Kash Patel celebrates with US mens hockey team after Olympic win CNN Politics FBI Director Kash Patel celebrated with the US men’s hockey team in Milan after their historic gold medal win over Canada on Sunday, according to a video obtained by CNN.",fbi director kash patel celebrates with us mens hockey team after olympic win cnn politics fbi director kash patel celebrated with the us mens hockey team in milan after their historic gold medal win over canada on sunday according to a video obtained by cnn,fbi director kash patel celebrates mens hockey team olympic win cnn politics fbi director kash patel celebrated mens hockey team milan historic gold medal win canada sunday according video obtained cnn,Positive
Reminiscing last week Democracy discipline and dialogue,"KATHMANDU: Last week in Nepal unfolded as a dense convergence of electoral regulation, manifesto politics, constitutional debate, governance reform, communal tension, and sporting disappointment. With the March 5 House of Representatives (HoR) election approa…",Khabarhub.com,2026-02-23T02:45:15Z,"Reminiscing last week Democracy discipline and dialogue KATHMANDU: Last week in Nepal unfolded as a dense convergence of electoral regulation, manifesto politics, constitutional debate, governance reform, communal tension, and sporting disappointment. With the March 5 House of Representatives (HoR) election approa…",reminiscing last week democracy discipline and dialogue kathmandu last week in nepal unfolded as a dense convergence of electoral regulation manifesto politics constitutional debate governance reform communal tension and sporting disappointment with the march house of representatives hor election approa,reminiscing last week democracy discipline dialogue kathmandu last week nepal unfolded dense convergence electoral regulation manifesto politics constitutional debate governance reform communal tension sporting disappointment march house representatives hor election approa,Negative
Democrats theft of Staten Islands House seat is a fresh blow to NYs economy,Lady Justice is no longer blind in the Empire State: She's a slave of the Democratic Party.,New York Post,2026-02-23T02:35:06Z,Democrats theft of Staten Islands House seat is a fresh blow to NYs economy Lady Justice is no longer blind in the Empire State: She's a slave of the Democratic Party.,democrats theft of staten islands house seat is a fresh blow to nys economy lady justice is no longer blind in the empire state shes a slave of the democratic party,democrats theft staten islands house seat fresh blow nys economy lady justice longer blind empire state shes slave democratic party,Negative
Inside the real jobs crisis Despite the jobs numbers structural worklessness is a problem,"After much talk of an economic slowdown, February brought reassuring headlines. The official unemployment rate had fallen as another 130,000 jobs were added to the US economy, according to the Bureau of Labor Statistics. That is good news, but it is not the w…",Freerepublic.com,2026-02-23T02:31:27Z,"Inside the real jobs crisis Despite the jobs numbers structural worklessness is a problem After much talk of an economic slowdown, February brought reassuring headlines. The official unemployment rate had fallen as another 130,000 jobs were added to the US economy, according to the Bureau of Labor Statistics. That is good news, but it is not the w…",inside the real jobs crisis despite the jobs numbers structural worklessness is a problem after much talk of an economic slowdown february brought reassuring headlines the official unemployment rate had fallen as another jobs were added to the us economy according to the bureau of labor statistics that is good news but it is not the w,inside real jobs crisis despite jobs numbers structural worklessness problem much talk economic slowdown february brought reassuring headlines official unemployment rate fallen another jobs added economy according bureau labor statistics good news,Positive
Aunty Pauline democracy and the fine line between truth and fear,We’ve been asked to broach the subject of Pauline Hanson. Now that’s a tough one. Because damned if we do. Damned if we don’t. How do you speak truth when half the country may jump down your throat? Where is the line between freedom of speech and hate speech?…,Starcommunity.com.au,2026-02-23T02:23:04Z,Aunty Pauline democracy and the fine line between truth and fear We’ve been asked to broach the subject of Pauline Hanson. Now that’s a tough one. Because damned if we do. Damned if we don’t. How do you speak truth when half the country may jump down your throat? Where is the line between freedom of speech and hate speech?…,aunty pauline democracy and the fine line between truth and fear weve been asked to broach the subject of pauline hanson now thats a tough one because damned if we do damned if we dont how do you speak truth when half the country may jump down your throat where is the line between freedom of speech and hate speech,aunty pauline democracy fine line truth fear weve asked broach subject pauline hanson thats tough one damned damned dont speak truth half country may jump throat line freedom speech hate speech,Negative
RussiaUkraine war List of key events day 1460,"These are the key developments from day 1,460 of Russia’s war on Ukraine.",Al Jazeera English,2026-02-23T02:02:59Z,"RussiaUkraine war List of key events day 1460 These are the key developments from day 1,460 of Russia’s war on Ukraine.",russiaukraine war list of key events day these are the key developments from day of russias war on ukraine,russiaukraine war list key events day key developments day russias war ukraine,Neutral
Matthew Horncastle eyes Williams Corporation IPO and future in politics,Williams Corp's managing director builds a polarising online brand as IPO looms.,New Zealand Herald,2026-02-23T02:02:25Z,Matthew Horncastle eyes Williams Corporation IPO and future in politics Williams Corp's managing director builds a polarising online brand as IPO looms.,matthew horncastle eyes williams corporation ipo and future in politics williams corps managing director builds a polarising online brand as ipo looms,matthew horncastle eyes williams corporation ipo future politics williams corps managing director builds polarising online brand ipo looms,Neutral
FReeper Canteen Hall of Heroes HMS Glowworm 23 February 2026,Our Troops Rock! Thank you for all you do! For the freedom you enjoyed yesterday... Thank the Veterans who served in The United States Armed Forces. Looking forward to tomorrow's freedom? Support The United States Armed Forces Today! ~ Hall of Heroes ~HMS Glo…,Freerepublic.com,2026-02-23T02:00:55Z,FReeper Canteen Hall of Heroes HMS Glowworm 23 February 2026 Our Troops Rock! Thank you for all you do! For the freedom you enjoyed yesterday... Thank the Veterans who served in The United States Armed Forces. Looking forward to tomorrow's freedom? Support The United States Armed Forces Today! ~ Hall of Heroes ~HMS Glo…,freeper canteen hall of heroes hms glowworm february our troops rock thank you for all you do for the freedom you enjoyed yesterday thank the veterans who served in the united states armed forces looking forward to tomorrows freedom support the united states armed forces today hall of heroes hms glo,freeper canteen hall heroes hms glowworm february troops rock thank freedom enjoyed yesterday thank veterans served united states armed forces looking forward tomorrows freedom support united states armed forces today hall heroes hms glo,Positive
Kim reelected to top post of North Koreas ruling party,"North Korean leader Kim Jong Un has been reelected to the top post of the ruling Workers’ Party, with delegates crediting him for bolstering the country’s nuclear arsenal and strengthening its regional standing",Abcnews.com,2026-02-23T01:57:36Z,"Kim reelected to top post of North Koreas ruling party North Korean leader Kim Jong Un has been reelected to the top post of the ruling Workers’ Party, with delegates crediting him for bolstering the country’s nuclear arsenal and strengthening its regional standing",kim reelected to top post of north koreas ruling party north korean leader kim jong un has been reelected to the top post of the ruling workers party with delegates crediting him for bolstering the countrys nuclear arsenal and strengthening its regional standing,kim reelected top post north koreas ruling party north korean leader kim jong reelected top post ruling workers party delegates crediting bolstering countrys nuclear arsenal strengthening regional standing,Positive
Beyond ballot Why Nepals elections alone cannot deliver stability,"Ballots alone in Nepal alone cannot resolve the country’s deeper crises. Political paralysis has slowed decision-making and undermined public trust, while governance failures leave citizens frustrated with services and accountability. At the same time, millio…",Khabarhub.com,2026-02-23T01:45:12Z,"Beyond ballot Why Nepals elections alone cannot deliver stability Ballots alone in Nepal alone cannot resolve the country’s deeper crises. Political paralysis has slowed decision-making and undermined public trust, while governance failures leave citizens frustrated with services and accountability. At the same time, millio…",beyond ballot why nepals elections alone cannot deliver stability ballots alone in nepal alone cannot resolve the countrys deeper crises political paralysis has slowed decisionmaking and undermined public trust while governance failures leave citizens frustrated with services and accountability at the same time millio,beyond ballot nepals elections alone deliver stability ballots alone nepal alone resolve countrys deeper crises political paralysis slowed decisionmaking undermined public trust governance failures leave citizens frustrated services accountability time millio,Negative
California Democrats preach affordability at convention after raising costs,It was fitting that the California Democratic Party gathered in San Francisco to talk about “affordability.” They created the problem.,New York Post,2026-02-23T01:44:55Z,California Democrats preach affordability at convention after raising costs It was fitting that the California Democratic Party gathered in San Francisco to talk about “affordability.” They created the problem.,california democrats preach affordability at convention after raising costs it was fitting that the california democratic party gathered in san francisco to talk about affordability they created the problem,california democrats preach affordability convention raising costs fitting california democratic party gathered san francisco talk affordability created problem,Positive
Debanking JPMorgan Admits Closing Trump Accounts After Jan 6,"A growing legal battle between President Donald Trump and one of America’s most powerful financial institutions is putting a spotlight on a controversial issue that could affect businesses, investors, and everyday Americans alike: debanking. JPMorgan Chase ha…",Freerepublic.com,2026-02-23T01:40:26Z,"Debanking JPMorgan Admits Closing Trump Accounts After Jan 6 A growing legal battle between President Donald Trump and one of America’s most powerful financial institutions is putting a spotlight on a controversial issue that could affect businesses, investors, and everyday Americans alike: debanking. JPMorgan Chase ha…",debanking jpmorgan admits closing trump accounts after jan a growing legal battle between president donald trump and one of americas most powerful financial institutions is putting a spotlight on a controversial issue that could affect businesses investors and everyday americans alike debanking jpmorgan chase ha,debanking jpmorgan admits closing trump accounts jan growing legal battle president donald trump one americas powerful financial institutions putting spotlight controversial issue could affect businesses investors everyday americans alike debanking jpmorgan chase,Positive
Just A Few Scary Tragic And Awful Things I Learned This Week,"Lucy Harrison was visiting her father, Kris Harrison, when he fatally shot her in the chest following a huge argument about politics (specifically, Trump) and guns.View Entire Post ›",Buzzfeed,2026-02-23T01:31:02Z,"Just A Few Scary Tragic And Awful Things I Learned This Week Lucy Harrison was visiting her father, Kris Harrison, when he fatally shot her in the chest following a huge argument about politics (specifically, Trump) and guns.View Entire Post ›",just a few scary tragic and awful things i learned this week lucy harrison was visiting her father kris harrison when he fatally shot her in the chest following a huge argument about politics specifically trump and gunsview entire post,scary tragic awful things learned week lucy harrison visiting father kris harrison fatally shot chest following huge argument politics specifically trump gunsview entire post,Negative
Pulled the number out of his arse Crikey readers respond to the CFMEU corruption crisis,"Plus, is the support for One Nation just the result of 'protest poll' answers?
The post ‘Pulled the number out of his arse’: Crikey readers respond to the CFMEU corruption crisis appeared first on Crikey.",Crikey,2026-02-23T01:26:32Z,"Pulled the number out of his arse Crikey readers respond to the CFMEU corruption crisis Plus, is the support for One Nation just the result of 'protest poll' answers?
The post ‘Pulled the number out of his arse’: Crikey readers respond to the CFMEU corruption crisis appeared first on Crikey.",pulled the number out of his arse crikey readers respond to the cfmeu corruption crisis plus is the support for one nation just the result of protest poll answers the post pulled the number out of his arse crikey readers respond to the cfmeu corruption crisis appeared first on crikey,pulled number arse crikey readers respond cfmeu corruption crisis plus support one nation result protest poll answers post pulled number arse crikey readers respond cfmeu corruption crisis appeared first crikey,Positive
DHS Blames Democrats For ShutdownForced Disaster Aid Restrictions,"DHS announced Sunday it was working to conserve ""funds and personnel"" to avoid risks to national security and public safety during a lapse in federal funding.",The Daily Caller,2026-02-23T01:19:41Z,"DHS Blames Democrats For ShutdownForced Disaster Aid Restrictions DHS announced Sunday it was working to conserve ""funds and personnel"" to avoid risks to national security and public safety during a lapse in federal funding.",dhs blames democrats for shutdownforced disaster aid restrictions dhs announced sunday it was working to conserve funds and personnel to avoid risks to national security and public safety during a lapse in federal funding,dhs blames democrats shutdownforced disaster aid restrictions dhs announced sunday working conserve funds personnel avoid risks national security public safety lapse federal funding,Neutral
Kim Jong Un reelected to top post of North Koreas ruling party as it hails his nuclear buildup,North Korean leader Kim Jong Un has been reelected as the top official of the ruling Workers' Party. Delegates credited him for strengthening the nation's nuclear capabilities and its position in the region. This move signals a continued focus on military dev…,The Times of India,2026-02-23T01:03:51Z,Kim Jong Un reelected to top post of North Koreas ruling party as it hails his nuclear buildup North Korean leader Kim Jong Un has been reelected as the top official of the ruling Workers' Party. Delegates credited him for strengthening the nation's nuclear capabilities and its position in the region. This move signals a continued focus on military dev…,kim jong un reelected to top post of north koreas ruling party as it hails his nuclear buildup north korean leader kim jong un has been reelected as the top official of the ruling workers party delegates credited him for strengthening the nations nuclear capabilities and its position in the region this move signals a continued focus on military dev,kim jong reelected top post north koreas ruling party hails nuclear buildup north korean leader kim jong reelected top official ruling workers party delegates credited strengthening nations nuclear capabilities position region move signals continued focus military dev,Positive
10 More Fantasy Books That Are Indisputable 1010 Masterpieces,"Image via HarperCollins

There are many incredible fantasy books that aren’t 10/10 releases, but the masterpieces that do achieve near-perfection are some of the best the genre has to offer. These 10/10 fantasy novels strike an ideal balance; they nail their …",ComicBook.com,2026-02-23T01:00:00Z,"10 More Fantasy Books That Are Indisputable 1010 Masterpieces Image via HarperCollins

There are many incredible fantasy books that aren’t 10/10 releases, but the masterpieces that do achieve near-perfection are some of the best the genre has to offer. These 10/10 fantasy novels strike an ideal balance; they nail their …",more fantasy books that are indisputable masterpieces image via harpercollins there are many incredible fantasy books that arent releases but the masterpieces that do achieve nearperfection are some of the best the genre has to offer these fantasy novels strike an ideal balance they nail their,fantasy books indisputable masterpieces image via harpercollins many incredible fantasy books arent releases masterpieces achieve nearperfection best genre offer fantasy novels strike ideal balance nail,Positive
Iran unrest escalates as gunfire tear gas hit universities amid looming US strike,"Tehran and Mashhad universities saw anti-government protests Sunday, with students chanting against Ali Khamenei as security forces reportedly used tear gas.",Fox News,2026-02-23T00:51:51Z,"Iran unrest escalates as gunfire tear gas hit universities amid looming US strike Tehran and Mashhad universities saw anti-government protests Sunday, with students chanting against Ali Khamenei as security forces reportedly used tear gas.",iran unrest escalates as gunfire tear gas hit universities amid looming us strike tehran and mashhad universities saw antigovernment protests sunday with students chanting against ali khamenei as security forces reportedly used tear gas,iran unrest escalates gunfire tear gas hit universities amid looming strike tehran mashhad universities saw antigovernment protests sunday students chanting ali khamenei security forces reportedly used tear gas,Neutral
Polands Military BuildUp Might Have Ultimately Been for Nothing,"The Washington Post published an insightful piece in late January about how “Poland built the E.U.’s biggest army, but the threat has changed”, which persuasively argues that the central role of drones in the Ukrainian Conflict has prompted …
The post Poland’…",Globalresearch.ca,2026-02-23T00:48:06Z,"Polands Military BuildUp Might Have Ultimately Been for Nothing The Washington Post published an insightful piece in late January about how “Poland built the E.U.’s biggest army, but the threat has changed”, which persuasively argues that the central role of drones in the Ukrainian Conflict has prompted …
The post Poland’…",polands military buildup might have ultimately been for nothing the washington post published an insightful piece in late january about how poland built the eus biggest army but the threat has changed which persuasively argues that the central role of drones in the ukrainian conflict has prompted the post poland,polands military buildup might ultimately nothing washington post published insightful piece late january poland built eus biggest army threat changed persuasively argues central role drones ukrainian conflict prompted post poland,Negative
HR Employee Was Constantly Talked Down To By A Toxic Manager So When She Landed A New Job Her Departure Forced The Boss To Cancel Her Vacation,Sometimes the exit interview practically writes itself!,Twistedsifter.com,2026-02-23T00:35:04Z,HR Employee Was Constantly Talked Down To By A Toxic Manager So When She Landed A New Job Her Departure Forced The Boss To Cancel Her Vacation Sometimes the exit interview practically writes itself!,hr employee was constantly talked down to by a toxic manager so when she landed a new job her departure forced the boss to cancel her vacation sometimes the exit interview practically writes itself,employee constantly talked toxic manager landed new job departure forced boss cancel vacation sometimes exit interview practically writes,Negative
CSPAN Sets Record Straight After Viral Clip Had Viewers Believing Donald Trump Called In With A Fake Name,We finally have some answers.,CinemaBlend,2026-02-23T00:32:43Z,CSPAN Sets Record Straight After Viral Clip Had Viewers Believing Donald Trump Called In With A Fake Name We finally have some answers.,cspan sets record straight after viral clip had viewers believing donald trump called in with a fake name we finally have some answers,cspan sets record straight viral clip viewers believing donald trump called fake name finally answers,Negative
Global Market Global cash is fuelling LatAm stock rally,"Latin American stocks are experiencing their strongest investor inflow in a decade, propelling markets in Brazil, Colombia, and Mexico to multi-year highs. This surge, driven by anticipation of policy shifts and potential interest rate cuts ahead of president…",The Times of India,2026-02-23T00:32:19Z,"Global Market Global cash is fuelling LatAm stock rally Latin American stocks are experiencing their strongest investor inflow in a decade, propelling markets in Brazil, Colombia, and Mexico to multi-year highs. This surge, driven by anticipation of policy shifts and potential interest rate cuts ahead of president…",global market global cash is fuelling latam stock rally latin american stocks are experiencing their strongest investor inflow in a decade propelling markets in brazil colombia and mexico to multiyear highs this surge driven by anticipation of policy shifts and potential interest rate cuts ahead of president,global market global cash fuelling latam stock rally latin american stocks experiencing strongest investor inflow decade propelling markets brazil colombia mexico multiyear highs surge driven anticipation policy shifts potential interest rate cuts ahead president,Neutral
Do You Have ID For that Shovel,"New York City is expecting something like two feet of snow, and the city’s government, led by socialist/Communist Zohran Mamdani, is encouraging able-bodied New Yorkers to help shovel the city out after the storm. But only, of course, if they have proper iden…",Freerepublic.com,2026-02-23T00:15:19Z,"Do You Have ID For that Shovel New York City is expecting something like two feet of snow, and the city’s government, led by socialist/Communist Zohran Mamdani, is encouraging able-bodied New Yorkers to help shovel the city out after the storm. But only, of course, if they have proper iden…",do you have id for that shovel new york city is expecting something like two feet of snow and the citys government led by socialistcommunist zohran mamdani is encouraging ablebodied new yorkers to help shovel the city out after the storm but only of course if they have proper iden,shovel new york city expecting something like two feet snow citys government led socialistcommunist zohran mamdani encouraging ablebodied new yorkers help shovel city storm course proper iden,Positive
Gothic Visual Novel Mystery Game Runt Gets a Free Demo,Indie game developer Grimtaste Studios and publisher DreadXP dropped a new demo this week for their upcoming rural gothic visual novel mystery game Runt. The demo will give you a chance to experience a bit of the opening story without getting into spoiler ter…,Bleeding Cool News,2026-02-23T00:12:07Z,Gothic Visual Novel Mystery Game Runt Gets a Free Demo Indie game developer Grimtaste Studios and publisher DreadXP dropped a new demo this week for their upcoming rural gothic visual novel mystery game Runt. The demo will give you a chance to experience a bit of the opening story without getting into spoiler ter…,gothic visual novel mystery game runt gets a free demo indie game developer grimtaste studios and publisher dreadxp dropped a new demo this week for their upcoming rural gothic visual novel mystery game runt the demo will give you a chance to experience a bit of the opening story without getting into spoiler ter,gothic visual novel mystery game runt gets free demo indie game developer grimtaste studios publisher dreadxp dropped new demo week upcoming rural gothic visual novel mystery game runt demo give chance experience bit opening story without getting spoiler ter,Negative
Malinauskas faces a landslide win in SA But cracks are appearing in his goodtime agenda,"The commercialisation of SA's prized public land, and the lack of transparency over significant deals with long-term implications, suggest an arrogance that may yet prove detrimental to the premier's reputation.
The post Malinauskas faces a landslide win in S…",Crikey,2026-02-23T00:08:26Z,"Malinauskas faces a landslide win in SA But cracks are appearing in his goodtime agenda The commercialisation of SA's prized public land, and the lack of transparency over significant deals with long-term implications, suggest an arrogance that may yet prove detrimental to the premier's reputation.
The post Malinauskas faces a landslide win in S…",malinauskas faces a landslide win in sa but cracks are appearing in his goodtime agenda the commercialisation of sas prized public land and the lack of transparency over significant deals with longterm implications suggest an arrogance that may yet prove detrimental to the premiers reputation the post malinauskas faces a landslide win in s,malinauskas faces landslide win cracks appearing goodtime agenda commercialisation sas prized public land lack transparency significant deals longterm implications suggest arrogance may yet prove detrimental premiers reputation post malinauskas faces landslide win,Positive
